Filename,UnifiedQualityScore.native,BackgroundUniformity.native,IlluminationUniformity.native,LuminanceMean.native,LuminanceVariance.native,UnderExposurePrevention.native,OverExposurePrevention.native,DynamicRange.native,Sharpness.native,NoCompressionArtifacts.native,NaturalColour.native,SingleFacePresent.native,EyesOpen.native,MouthClosed.native,EyesVisible.native,MouthOcclusionPrevention.native,FaceOcclusionPrevention.native,InterEyeDistance.native,HeadSize.native,LeftwardCropOfFace.native,RightwardCropOfFace.native,MarginAboveTheFace.native,MarginBelowTheFace.native,HeadPoseYawFrontal.native,HeadPosePitchFrontal.native,HeadPoseRollFrontal.native,ExpressionNeutrality.native,NoHeadCoverings.native,UnifiedQualityScore.scalar,BackgroundUniformity.scalar,IlluminationUniformity.scalar,LuminanceMean.scalar,LuminanceVariance.scalar,UnderExposurePrevention.scalar,OverExposurePrevention.scalar,DynamicRange.scalar,Sharpness.scalar,NoCompressionArtifacts.scalar,NaturalColour.scalar,SingleFacePresent.scalar,EyesOpen.scalar,MouthClosed.scalar,EyesVisible.scalar,MouthOcclusionPrevention.scalar,FaceOcclusionPrevention.scalar,InterEyeDistance.scalar,HeadSize.scalar,LeftwardCropOfFace.scalar,RightwardCropOfFace.scalar,MarginAboveTheFace.scalar,MarginBelowTheFace.scalar,HeadPoseYawFrontal.scalar,HeadPosePitchFrontal.scalar,HeadPoseRollFrontal.scalar,ExpressionNeutrality.scalar,NoHeadCoverings.scalar,identity,gender,age,ethnicity
S618974755-GM-A24-EEA-T00-S1-LH-C1-I0005-F00.png,25.190.016,46.312.304,0.015571,0.334187,0.052796,0.156868,0.0,7.430.186,47,0.993336,0.0,0.0,0.079576,0.006557,0.0,0,0.003369,83.030.525,0.297866,3.566.006,3.602.148,117.753,21.906,139.195,2.443.096,-0.742987,12.713.599.609,0.0,70,78,29,94,68,100,100,93,100,100,100,100,100,96,100,100,100,66,9,100,100,10,98,100,100,100,97,100,S618974755,m,24,European/American (Caucasian)
S618974755-GM-A24-EEA-T00-S1-LH-C1-I0006-F00.png,25.795.395,43.826.019,0.219723,0.304819,0.052483,0.214521,0.0,7.480.785,47,0.995115,0.0,0.0,0.082358,0.0,0.0,0,0.003653,91.227.168,0.33325,3.055.987,3.696.396,1.134.333,1.874.882,-12.670.357,1.368.908,1.638.818,1.264.731.543,0.0,75,79,63,89,69,100,100,94,100,100,100,100,100,97,100,100,100,74,18,100,100,7,68,95,100,100,97,100,S618974755,m,24,European/American (Caucasian)
S959317588-GM-A42-EAS-T00-S1-LH-C1-I0045-F00.png,26.981.386,34.770.117,0.230487,0.31992,0.061056,0.236615,0.0,7.502.311,44,0.992745,0.0,0.0,0.077071,0.0,0.0,0,0.006596,97.031.228,0.344728,3.154.472,3.123.545,1.295.434,161.361,-1.328.279,7.512.937,-0.179848,12.899.161.133,0.0,82,83,64,92,62,100,100,94,99,100,100,100,100,97,100,100,99,79,22,100,100,26,13,100,98,100,97,100,S959317588,m,42,East-Asian
S959317588-GM-A42-EAS-T00-S1-LH-C1-I0044-F00.png,26.760.113,132.982.044,0.153114,0.233481,0.050385,0.44515,0.0,7.110.828,46,0.980657,0.0,0.0,0.072536,0.0,0.0,0,0.005971,68.015.572,0.246094,4.220.588,4.308.824,1.484.127,2.579.365,-1.226.071,4.677.961,0.125626,16.027.560.547,0.0,81,43,57,66,70,100,100,89,100,100,100,100,99,97,100,100,99,48,3,100,100,70,100,100,99,100,99,100,S959317588,m,42,East-Asian
S583633341-GM-A72-EAS-T00-S1-LH-C1-I0061-F00.png,27.715.172,41.583.055,0.12764,0.351525,0.057458,0.174583,0.0,7.364.538,40,0.978592,0.0,0.0,0.059547,0.0,0.0,0,0.002827,63.040.384,0.220809,4.584.992,4.537.397,144.197,3.087.408,-0.94892,5.688.596,2.543.742,12.951.933.594,0.0,86,80,54,95,65,100,100,92,99,100,100,100,98,97,100,100,100,41,2,100,100,60,100,100,99,100,97,100,S583633341,m,72,East-Asian
S583633341-GM-A72-EAS-T00-S1-LH-C1-I0046-F00.png,28.399.153,47.870.951,0.234429,0.334113,0.039171,0.148532,0.0,7.424.877,38,0.990586,0.0,0.0,0.059611,0.008416,0.0,0,0.006218,94.714.118,0.328218,2.880.372,3.560.608,1.219.892,1.826.863,-6.607.143,3.875.386,2.754.579,1.152.180.957,0.0,89,77,65,94,81,100,100,93,99,100,100,100,98,96,100,100,99,77,16,100,100,14,57,99,100,100,96,100,S583633341,m,72,East-Asian
S94888726-GM-A26-EME-T03-S1-LH-C1-I0031-F00.png,24.764.957,2.246.194,0.041633,0.418699,0.07682,0.134309,0.0,7.783.842,45,0.994471,0.0,0.0,0.089463,0.006309,0.0,0,0.000885,92.030.011,0.309595,3.260.677,3.304.153,1.392.294,1.847.953,-1.324.162,9.968.073,-0.280848,15.927.145.508,0.0,66,89,39,99,53,100,100,97,100,100,100,100,100,96,100,100,100,75,11,100,100,48,62,100,97,100,99,100,S94888726,m,26,Middle-Eastern
S94888726-GM-A26-EME-T03-S1-LH-C1-I0024-F00.png,26.235.853,21.573.054,0.713735,0.427812,0.044196,0.092402,0.0,7.629.259,46,0.986803,0.0,0.0,0.109452,0.00623,0.0,0,0.0011,96.009.132,0.313483,3.145.663,3.187.327,1.218.726,1.981.211,-0.518024,8.088.816,-0.049405,17.477.658.203,0.0,78,90,90,99,76,100,100,95,100,100,100,100,100,96,100,100,100,79,12,100,100,14,86,100,98,100,99,100,S94888726,m,26,Middle-Eastern
S652597877-GM-A38-EME-T14-S1-LH-C1-I0051-F00.png,26.683.218,57.568.187,0.176471,0.399102,0.042285,0.074827,0.0,7.634.464,42,0.992934,0.0,0.0,0.078817,0.005848,0.0,0,0.005979,97.000.001,0.333986,3.154.639,3.123.711,1.228.049,1.766.052,0.009777,367.423,0.201975,17.434.603.516,0.0,80,73,59,98,78,100,100,95,99,100,100,100,100,96,100,100,99,79,18,100,100,15,42,100,100,100,99,100,S652597877,m,38,Middle-Eastern
S652597877-GM-A38-EME-T14-S1-LH-C1-I0017-F00.png,26.387.712,46.999.278,0.440311,0.318744,0.036573,0.136154,0.0,7.505.988,44,0.990525,0.0,0.0,0.083904,0.0,0.0,0,0.005891,96.016.446,0.336937,3.145.663,3.187.327,1.185.966,1.790.577,0.876604,6.894.431,-0.065032,15.237.294.922,0.0,79,78,78,91,83,100,100,94,99,100,100,100,100,97,100,100,99,79,19,100,100,11,48,100,99,100,98,100,S652597877,m,38,Middle-Eastern
S551605297-GF-A78-EME-T14-S1-LH-C1-I0042-F00.png,26.053.143,36.137.062,0.207612,0.367901,0.041064,0.082096,0.0,7.591.886,39,0.9937,0.0,0.0,0.087178,0.0,0.0,0,0.019636,89.162.611,0.29297,3.382.022,3.370.787,1.306.638,210.662,-3.460.883,0.257898,0.439506,13.421.804.688,0.0,76,83,62,97,79,100,100,95,99,100,100,100,100,97,100,100,98,72,8,100,100,28,96,100,100,100,98,100,S551605297,f,78,Middle-Eastern
S551605297-GF-A78-EME-T14-S1-LH-C1-I0038-F00.png,25.904.329,51.152.749,0.158305,0.350767,0.039385,0.087806,0.0,7.493.846,40,0.988751,0.0,0.0,0.078911,0.00873,0.0,0,0.031173,69.082.589,0.223737,4.343.722,406.862,131.498,3.173.486,128.609,-1.444.219,-0.81335,10.422.714.844,0.017551,75,76,58,95,80,100,100,94,99,100,100,100,100,96,100,100,97,49,2,100,100,30,100,100,100,100,96,92,S551605297,f,78,Middle-Eastern
S664545006-GF-A28-EIA-T14-S1-LH-C1-I0001-F00.png,22.552.332,27.861.762,0.054694,0.412285,0.057415,0.11247,0.0,7.748.606,48,0.993603,0.0,0.0,0.113671,0.006756,0.0,0,0.005872,87.010.175,0.289077,3.436.782,3.448.276,14.324,2.026.981,-0.876241,9.476.315,0.47608,15.571.550.781,0.0,46,87,42,99,65,100,100,97,100,100,100,100,100,96,100,100,99,70,8,100,100,58,91,100,97,100,98,100,S664545006,f,28,Indian-Asian
S664545006-GF-A28-EIA-T14-S1-LH-C1-I0027-F00.png,22.665.312,31.703.585,0.173061,0.333517,0.028736,0.114427,0.0,7.350.865,43,0.985502,0.0,0.0,0.094175,0.0,0.0,0,0.008395,69.002.133,0.226666,4.405.797,4.014.493,151.634,2.894.831,0.450556,8.688.848,-0.783809,8.696.162.109,0.0,47,85,59,94,91,100,100,92,99,100,100,100,100,97,100,100,99,49,2,100,100,76,100,100,98,100,94,100,S664545006,f,28,Indian-Asian
S576710388-GM-A82-EEA-T00-S1-LH-C1-I0021-F00.png,25.043.436,2.991.574,0.155188,0.347994,0.045827,0.119522,0.0,7.426.535,45,0.996305,0.0,0.0,0.060375,0.006286,0.0,0,0.002194,87.064.578,0.310733,3.458.856,3.424.383,1.225.543,1.992.293,1.771.095,2.594.362,-1.659.547,9.449.788.086,0.0,69,86,57,95,74,100,100,93,100,100,100,100,98,96,100,100,100,70,12,100,100,15,87,100,100,100,95,100,S576710388,m,82,European/American (Caucasian)
S576710388-GM-A82-EEA-T00-S1-LH-C1-I0019-F00.png,2.629.904,35.068.459,0.249135,0.354431,0.04372,0.092758,0.0,7.464.863,43,0.990436,0.0,0.0,0.079208,0.0,0.0,0,0.003492,95.043.553,0.331068,3.178.771,3.210.348,1.207.079,1.822.453,-1.626.416,3.094.799,1.113.587,13.502.249.023,0.0,78,83,66,96,76,100,100,93,99,100,100,100,100,97,100,100,100,78,17,100,100,13,56,100,100,100,98,100,S576710388,m,82,European/American (Caucasian)
S40535953-GF-A44-EAS-T14-S1-LH-C1-I0028-F00.png,22.014.944,79.918.389,0.396605,0.40033,0.051318,0.099832,0.0,7.673.289,48,0.986552,0.0,0.0,0.104947,0.007018,0.0,0,0.037203,86.008.938,0.27832,3.476.509,3.476.509,1.464.789,2.140.845,-0.488331,10.041.711,0.56264,14.221.793.945,0.0,41,63,76,98,70,100,100,96,100,100,100,100,100,96,100,100,96,69,6,100,100,66,97,100,97,100,98,100,S40535953,f,44,East-Asian
S40535953-GF-A44-EAS-T14-S1-LH-C1-I0040-F00.png,2.257.378,81.197.274,0.303673,0.386872,0.048092,0.086166,0.0,7.681.841,41,0.984253,0.0,0.0,0.098287,0.011681,0.0,0,0.037049,70.028.723,0.236457,4.169.727,4.141.167,1.371.152,2.857.943,-0.121503,8.526.194,-0.588782,15.553.893.555,0.0,46,63,70,98,72,100,100,96,99,100,100,100,100,96,100,100,96,50,3,100,100,43,100,100,98,100,98,100,S40535953,f,44,East-Asian
S415761895-GF-A62-EAS-T03-S1-LH-C1-I0012-F00.png,24.181.124,10.031.975,0.213878,0.424157,0.058813,0.05405,0.0,7.612.505,42,0.992038,0.0,0.0,0.086225,0.0,0.0,0,0.002594,85.146.702,0.277483,3.549.014,3.466.752,1.287.934,2.315.466,2.014.746,6.406.117,-3.064.728,15.192.283.203,0.0,61,95,63,99,64,100,100,95,99,100,100,100,100,97,100,100,100,68,6,100,100,25,99,100,99,100,98,100,S415761895,f,62,East-Asian
S415761895-GF-A62-EAS-T03-S1-LH-C1-I0035-F00.png,2.662.682,20.341.855,0.259592,0.429285,0.040169,0.048681,0.0,7.592.397,45,0.9945,0.0,0.0,0.094179,0.006689,0.0,0,0.006402,87.014.762,0.292007,3.448.048,3.436.555,1.375.808,2.060.356,-0.824771,6.411.459,0.515812,13.328.804.688,0.0,80,90,67,99,80,100,100,95,100,100,100,100,100,96,100,100,99,70,8,100,100,44,93,100,99,100,98,100,S415761895,f,62,East-Asian
S669973447-GM-A20-EEA-T00-S1-LH-C1-I0020-F00.png,2.413.155,48.236.782,0.006055,0.41772,0.056498,0.06539,0.0,7.480.868,46,0.983562,0.0,0.0,0.082923,0.0,0.0,0,0.003604,61.069.984,0.213161,4.735.161,4.653.237,1.593.917,309.623,2.000.092,2.904.766,-1.735.527,15.199.539.062,0.0,61,77,22,99,66,100,100,94,100,100,100,100,100,97,100,100,100,39,2,100,100,87,100,100,100,100,98,100,S669973447,m,20,European/American (Caucasian)
S669973447-GM-A20-EEA-T00-S1-LH-C1-I0032-F00.png,27.672.852,43.926.762,0.044082,0.346781,0.060199,0.16793,0.0,7.551.853,48,0.991168,0.0,0.0,0.087554,0.006756,0.0,0,0.002248,81.053.478,0.289104,3.666.667,3.654.321,1.242.988,2.215.761,-2.081.427,1.613.077,-0.760728,129.721.875,0.0,86,79,39,95,63,100,100,94,100,100,100,100,100,96,100,100,100,63,8,100,100,17,98,100,100,100,97,100,S669973447,m,20,European/American (Caucasian)
S574761980-GF-A38-EEA-T14-S1-LH-C1-I0056-F00.png,24.929.728,20.462.231,0.354286,0.494386,0.030151,0.029798,0.0,7.374.433,44,0.994321,0.0,0.0,0.090578,0.005634,0.0,0,0.003056,104.019.423,0.346685,2.932.557,2.990.246,1.203.371,1.689.239,-0.96048,10.413.462,0.132759,12.812.972.656,0.0,68,90,73,100,90,100,100,92,99,100,100,100,100,96,100,100,100,85,22,100,100,12,25,100,97,100,97,100,S574761980,f,38,European/American (Caucasian)
S574761980-GF-A38-EEA-T14-S1-LH-C1-I0002-F00.png,24.132.599,28.786.649,0.562449,0.510135,0.031587,0.031687,0.0,7.358.706,50,0.994144,0.0,0.0,0.108795,0.005988,0.0,0,0.005754,103.044.261,0.326173,2.961.165,3.009.709,1.263.473,1.802.395,-1.679.394,13.957.876,0.089305,15.111.286.133,0.0,61,86,84,99,88,100,100,92,100,100,100,100,100,96,100,100,99,84,16,100,100,20,51,100,94,100,98,100,S574761980,f,38,European/American (Caucasian)
S557350179-GF-A53-EAS-T03-S1-LH-C1-I0058-F00.png,27.787.159,67.117.349,0.204152,0.433252,0.056309,0.076329,0.0,7.701.491,46,0.988831,0.0,0.0,0.084003,0.007379,0.0,0,0.00838,76.114.667,0.264677,3.825.968,3.904.854,1.436.879,2.355.297,-2.187.735,5.494.276,1.106.409,16.820.300.781,0.0,86,69,62,99,66,100,100,96,100,100,100,100,100,96,100,100,99,58,5,100,100,59,100,100,99,100,99,100,S557350179,f,53,East-Asian
S557350179-GF-A53-EAS-T03-S1-LH-C1-I0025-F00.png,28.433.428,85.233.524,0.279321,0.431497,0.048082,0.0463,0.0,7.643.391,45,0.993771,0.0,0.0,0.085035,0.007245,0.0,0,0.016999,81.012.549,0.269575,362.963,3.691.358,1.318.702,2.391.053,-1.008.497,5.395.955,0.698799,16.900.914.062,0.0,89,61,68,99,72,100,100,96,100,100,100,100,100,96,100,100,98,63,5,100,100,31,100,100,99,100,99,100,S557350179,f,53,East-Asian
S581065344-GM-A48-EME-T00-S1-LH-C1-I0046-F00.png,30.051.138,11.219.244,0.316609,0.309193,0.057335,0.233529,0.0,7.542.519,43,0.995716,0.0,0.0,0.083122,0.004717,0.0,0,0.007334,112.284.318,0.414067,2.874.542,2.695.999,1.113.195,1.301.872,3.948.041,4.912.457,-0.607614,14.500.553.711,0.0,94,94,71,90,65,100,100,94,99,100,100,100,100,96,100,100,99,89,66,100,100,5,1,100,99,100,98,100,S581065344,m,48,Middle-Eastern
S581065344-GM-A48-EME-T00-S1-LH-C1-I0050-F00.png,279.258,91.479.693,0.111592,0.263133,0.044139,0.280026,0.0,7.274.454,46,0.990171,0.0,0.0,0.057815,0.0,0.0,0,0.010029,86.017.257,0.329107,3.464.882,3.488.136,120.236,1.845.205,-0.934601,0.971556,-0.188746,12.033.198.242,0.0,87,58,52,78,76,100,100,91,100,100,100,100,98,97,100,100,99,69,16,100,100,12,61,100,100,100,97,100,S581065344,m,48,Middle-Eastern
S663354684-GF-A61-EAS-T00-S1-LH-C1-I0022-F00.png,23.390.038,79.995.814,0.357266,0.364699,0.067247,0.163429,0.0,7.748.588,42,0.983592,0.0,0.0,0.080762,0.007994,0.0,0,0.043694,74.587.241,0.244336,3.508.479,4.590.144,0.959233,3.133.494,-14.805.003,1.253.893,3.359.048,14.748.952.148,0.0,54,63,73,96,58,100,100,97,99,100,100,100,100,96,100,100,96,56,3,100,100,1,100,93,100,100,98,100,S663354684,f,61,East-Asian
S663354684-GF-A61-EAS-T00-S1-LH-C1-I0059-F00.png,2.386.385,54.157.829,0.395102,0.418507,0.057216,0.080339,0.0,7.709.214,47,0.98979,0.0,0.0,0.079425,0.0,0.0,0,0.033901,7.900.696,0.262784,3.822.479,3.657.935,1.506.792,2.312.403,0.228936,5.227.101,-0.981588,1.240.915.332,0.0,58,74,76,99,65,100,100,96,100,100,100,100,100,97,100,100,97,61,5,100,100,74,99,100,99,100,97,100,S663354684,f,61,East-Asian
S955490819-GM-A25-EAF-T14-S1-LH-C1-I0017-F00.png,24.792.805,102.673.111,0.048611,0.165601,0.019704,0.461752,0.0,6.731.712,41,0.982633,0.0,0.0,0.056741,0.008508,0.0,0,0.002813,72.007.064,0.229567,4.069.052,4.041.277,1.717.384,2.657.246,0.10437,7.480.372,-0.323426,11.218.165.039,0.0,67,54,40,33,99,100,100,84,99,100,100,100,98,96,100,100,100,53,2,100,100,96,100,100,98,100,96,100,S955490819,m,25,African
S955490819-GM-A25-EAF-T14-S1-LH-C1-I0028-F00.png,23.245.724,60.206.266,0.103673,0.179719,0.02673,0.454765,0.0,6.877.944,49,0.993229,0.0,0.0,0.085158,0.016666,0.0,0,0.002716,70.000.004,0.234383,04. Feb,4.114.286,1.749.939,2.516.579,-0.018523,7.149.328,-0.32064,11.284.696.289,0.0,52,72,51,40,93,100,100,86,100,100,100,100,100,96,100,100,100,50,3,100,100,97,100,100,98,100,96,100,S955490819,m,25,African
S956718444-GF-A38-EAS-T14-S1-LH-C1-I0047-F00.png,2.356.039,36.808.486,0.331629,0.517062,0.048699,0.03311,0.0,7.694.166,44,0.997214,0.0,0.0,0.092882,0.005375,0.0,0,0.036918,115.008.377,0.363346,2.747.826,2.704.348,120.952,154.281,-0.691563,6.437.385,1.318.253,14.564.428.711,0.0,55,82,72,99,72,100,100,96,99,100,100,100,100,96,100,100,96,90,30,100,100,13,7,100,99,100,98,100,S956718444,f,38,East-Asian
S956718444-GF-A38-EAS-T14-S1-LH-C1-I0060-F00.png,23.486.914,37.357.432,0.291522,0.484788,0.041014,0.038669,0.0,7.593.437,34,0.982083,0.0,0.0,0.095932,0.0,0.0,0,0.02371,62.171.676,0.210947,4.725.806,4.532.258,1.333.276,3.407.261,-4.258.891,758.729,-0.307032,17.596.451.172,0.0,55,82,69,99,79,100,100,95,98,100,100,100,100,97,100,100,98,40,2,100,100,34,100,99,98,100,99,100,S956718444,f,38,East-Asian
S598532466-GM-A87-EME-T14-S1-LH-C1-I0043-F00.png,26.026.705,31.080.107,0.445502,0.349263,0.040977,0.090954,0.0,7.548.212,47,0.995478,0.0,0.0,0.05885,0.0,0.0,0,0.003699,104.019.298,0.392598,2.912.923,3.009.059,1.079.549,1.467.589,-0.065774,4.895.885,1.217.911,11.783.730.469,0.0,76,85,78,95,79,100,100,94,100,100,100,100,98,97,100,100,100,85,48,100,100,4,3,100,99,100,97,100,S598532466,m,87,Middle-Eastern
S598532466-GM-A87-EME-T14-S1-LH-C1-I0010-F00.png,25.434.004,46.999.125,0.385813,0.330817,0.040826,0.12399,0.0,7.519.225,46,0.992329,0.0,0.0,0.079241,0.004683,0.0,0,0.009796,108.013.671,0.417033,2.898.024,2.842.471,1.032.761,1.370.756,0.741343,7.337.192,-0.379153,9.882.606.445,0.0,72,78,75,93,79,100,100,94,100,100,100,100,100,96,100,100,99,87,68,100,100,2,1,100,98,100,95,100,S598532466,m,87,Middle-Eastern
S41574883-GF-A30-EIA-T14-S1-LH-C1-I0043-F00.png,23.652.617,120.859.291,0.050154,0.247396,0.030058,0.239962,0.0,7.246.786,37,0.981045,0.0,0.0,0.107813,0.0,0.0,0,0.017939,64.023.747,0.200233,4.515.074,4.483.828,1.382.087,3.636.556,-1.278.357,6.011.006,-0.939288,13.943.165.039,0.0,56,47,41,72,90,100,100,91,98,100,100,100,100,97,100,100,98,43,1,100,100,46,100,100,99,100,98,100,S41574883,f,30,Indian-Asian
S41574883-GF-A30-EIA-T14-S1-LH-C1-I0009-F00.png,20.380.695,55.644.458,0.028571,0.173983,0.029539,0.423046,0.0,6.732.173,27,0.964251,0.0,0.0,0.108371,0.011765,0.0,0,0.03383,48.001.101,0.166016,5.854.167,58.125,1.717.647,4.305.882,0.388113,0.599188,-0.538624,9.398.067.383,0.0,27,74,34,37,91,100,100,84,96,100,100,100,100,96,100,100,97,25,1,100,100,96,100,100,100,100,95,100,S41574883,f,30,Indian-Asian
S411588159-GF-A21-EEA-T03-S1-LH-C1-I0048-F00.png,22.193.392,38.030.048,0.113469,0.519256,0.037185,0.025869,0.0,7.435.417,48,0.99349,0.0,0.0,0.106005,0.0,0.0,0,0.004721,74.012.749,0.242195,4.0,3.918.919,1.483.823,2.645.075,-106.348,10.225.926,0.186989,9.994.407.227,0.0,42,82,52,99,83,100,100,93,100,100,100,100,100,97,100,100,100,55,3,100,100,70,100,100,97,100,95,100,S411588159,f,21,European/American (Caucasian)
S411588159-GF-A21-EEA-T03-S1-LH-C1-I0022-F00.png,22.090.815,41.646.301,0.13551,0.472085,0.032419,0.039756,0.0,7.387.851,46,0.988406,0.0,0.0,0.105364,0.0,0.0,0,0.005049,67.013.753,0.23537,4.357.724,4.283.105,1.499.792,2.766.282,0.785076,9.158.092,-0.092322,10.639.243.164,0.0,41,80,55,99,88,100,100,92,100,100,100,100,100,97,100,100,99,46,3,100,100,73,100,100,97,100,96,100,S411588159,f,21,European/American (Caucasian)
S279879625-GF-A55-EAF-T00-S1-LH-C1-I0034-F00.png,25.689.365,42.970.968,0.167347,0.270456,0.039713,0.241007,0.0,7.358.451,46,0.994792,0.0,0.0,0.105905,0.0,0.0,0,0.014527,88.003.207,0.291022,3.397.727,3.420.455,1.476.477,1.959.687,0.489127,8.923.046,-1.463.299,12.882.861.328,0.0,74,79,58,80,80,100,100,92,100,100,100,100,100,97,100,100,99,71,8,100,100,68,83,100,98,100,97,100,S279879625,f,55,African
S279879625-GF-A55-EAF-T00-S1-LH-C1-I0011-F00.png,25.839.758,31.514.332,0.207347,0.29076,0.046103,0.284941,0.0,7.407.662,47,0.99639,0.0,0.0,0.089461,0.006801,0.0,0,0.013251,87.031.994,0.287191,3.481.839,34.014,1.380.441,2.101.263,-0.824386,5.775.297,-172.418,14.148.311.523,0.0,75,85,62,86,74,100,100,93,100,100,100,100,100,96,100,100,99,70,7,100,100,45,95,100,99,100,98,100,S279879625,f,55,African
S248968574-GM-A81-EAS-T14-S1-LH-C1-I0062-F00.png,28.018.293,25.498.601,0.230487,0.309396,0.040544,0.197644,0.0,7.368.703,44,0.992152,0.0,0.0,0.063256,0.006018,0.0,0,0.003653,91.098.468,0.324549,3.326.458,3.293.523,1.251.899,1.829.699,0.873981,1.998.491,1.099.509,6.294.668.945,0.0,87,88,64,90,79,100,100,92,99,100,100,100,99,96,100,100,100,74,15,100,100,19,57,100,100,100,91,100,S248968574,m,81,East-Asian
S248968574-GM-A81-EAS-T14-S1-LH-C1-I0037-F00.png,28.039.402,27.401.337,0.238751,0.282122,0.035775,0.236034,0.0,7.293.868,44,0.991852,0.0,0.0,0.078201,0.005831,0.0,0,0.003654,9.300.539,0.334962,3.268.628,3.236.372,1.192.962,1.801.139,-0.030979,5.441.509,-0.964269,12.560.913.086,0.0,87,87,65,84,84,100,100,91,99,100,100,100,100,96,100,100,100,76,18,100,100,11,50,100,99,100,97,100,S248968574,m,81,East-Asian
S334697091-GM-A32-EAS-T14-S1-LH-C1-I0029-F00.png,28.483.179,1.172.503,0.220588,0.361366,0.043285,0.1176,0.0,7.564.617,46,0.996643,0.0,0.0,0.083193,0.0,0.0,0,0.0043,118.047.924,0.415039,2.669.396,2.669.396,0.943396,1.471.698,1.558.817,1.114.442,-0.347479,16.265.779.297,0.0,89,94,64,96,77,100,100,95,100,100,100,100,100,97,100,100,100,92,66,100,100,1,4,100,96,100,99,100,S334697091,m,32,East-Asian
S334697091-GM-A32-EAS-T14-S1-LH-C1-I0033-F00.png,28.868.786,29.841.151,0.267301,0.327316,0.050739,0.167806,0.0,7.506.904,40,0.995098,0.0,0.0,0.07553,0.0,0.0,0,0.002136,860.252,0.316406,3.475.804,3.475.804,1.234.568,1.925.926,-0.385483,5.129.067,-0.305621,14.552.755.859,0.0,91,86,67,93,70,100,100,94,99,100,100,100,100,97,100,100,100,69,13,100,100,16,78,100,99,100,98,100,S334697091,m,32,East-Asian
S184299974-GF-A49-EME-T10-S1-LH-C1-I0028-F00.png,28.918.215,101.221.265,0.29784,0.367999,0.051316,0.119714,0.0,759.522,47,0.991482,0.0,0.0,0.108215,0.0,0.121176,0,0.124046,89.187.852,0.291148,417.872,2.572.384,1.435.724,199.928,3.489.776,4.650.152,-0.132952,11.388.603.516,0.0,91,54,70,97,70,100,100,95,100,100,100,100,100,97,88,100,88,72,8,100,100,59,88,100,99,100,96,100,S184299974,f,49,Middle-Eastern
S184299974-GF-A49-EME-T10-S1-LH-C1-I0052-F00.png,24.890.282,71.752.802,0.352941,0.40918,0.062304,0.122785,0.0,7.779.521,50,0.990043,0.0,0.152577,0.091456,0.008162,0.047244,0,0.096177,69.576.808,0.23929,3.775.739,4.745.384,1.352.277,284.388,-11.961.293,4.422.982,0.86285,15.390.950.195,0.0,67,67,73,98,62,100,100,97,100,100,100,85,100,96,95,100,90,49,3,100,100,38,100,96,99,100,98,100,S184299974,f,49,Middle-Eastern
S189019382-GF-A62-EIA-T03-S1-LH-C1-I0052-F00.png,26.297.544,63.689.518,0.080816,0.385579,0.046234,0.080988,0.0,7.658.261,43,0.992961,0.0,0.0,0.086655,0.0,0.0,0,0.027728,8.002.278,0.246125,3.725,3.675,1.396.649,2.666.331,-136.715,1.311.074,-1.821.335,12.475.628.906,0.0,78,70,47,98,74,100,100,96,99,100,100,100,100,97,100,100,97,62,3,100,100,49,100,100,100,100,97,100,S189019382,f,62,Indian-Asian
S189019382-GF-A62-EIA-T03-S1-LH-C1-I0029-F00.png,24.603.502,51.518.321,0.189043,0.37197,0.079634,0.171071,0.0,7.707.213,44,0.992013,0.0,0.0,0.090909,0.0,0.005337,0,0.042098,86.105.437,0.276374,3.488.136,3.464.882,1.397.128,2.233.986,-2.756.413,-0.129191,0.338582,13.286.560.547,0.0,65,76,61,97,52,100,100,96,99,100,100,100,100,97,99,100,96,69,6,100,100,49,99,100,100,100,97,100,S189019382,f,62,Indian-Asian
S164577361-GF-A44-EEA-T01-S1-LH-C1-I0004-F00.png,26.887.589,44.127.119,0.10449,0.46043,0.040091,0.048181,0.0,7.546.569,39,0.985128,0.0,0.0,0.09513,0.009003,0.0,0,0.00757,62.035.516,0.216938,4.691.108,4.562.143,1.638.576,2.971.045,0.587997,5.104.397,-2.741.692,14.357.657.227,0.0,82,79,51,99,80,100,100,94,99,100,100,100,100,96,100,100,99,40,2,100,100,92,100,100,99,100,98,100,S164577361,f,44,European/American (Caucasian)
S164577361-GF-A44-EEA-T01-S1-LH-C1-I0033-F00.png,2.720.067,52.372.816,0.013841,0.460665,0.056866,0.067052,0.0,771.156,46,0.988084,0.0,0.0,0.083264,0.007106,0.0,0,0.015792,80.089.809,0.274859,378.484,3.609.963,1.547.476,2.103.711,1.659.189,6.312.006,-269.738,15.828.383.789,0.0,83,75,28,99,65,100,100,96,100,100,100,100,100,96,100,100,98,62,6,100,100,81,95,100,99,100,98,100,S164577361,f,44,European/American (Caucasian)
S343899513-GM-A51-EME-T01-S1-LH-C1-I0036-F00.png,29.701.185,6.096.423,0.366782,0.324897,0.028611,0.127092,0.0,7.344.831,43,0.992221,0.0,0.0,0.080185,0.006151,0.0,0,0.005075,87.022.049,0.317504,3.436.555,3.448.048,1.166.311,199.322,1.109.051,-0.022353,0.789914,18.555.037.109,0.0,93,71,74,92,92,100,100,92,99,100,100,100,100,96,100,100,99,70,13,100,100,9,87,100,100,100,99,100,S343899513,m,51,Middle-Eastern
S343899513-GM-A51-EME-T01-S1-LH-C1-I0013-F00.png,28.077.103,33.561.872,0.204152,0.338762,0.033862,0.124537,0.0,7.447.348,44,0.98657,0.0,0.0,0.075829,0.005813,0.0,0,0.004215,93.077.934,0.336007,3.278.812,3.225.061,1.226.558,1.749.734,1.995.244,0.85602,0.756599,15.103.035.156,0.0,88,84,62,94,86,100,100,93,99,100,100,100,100,96,100,100,100,76,19,100,100,15,38,100,100,100,98,100,S343899513,m,51,Middle-Eastern
S24691945-GM-A77-EAS-T00-S1-LH-C1-I0062-F00.png,27.214.306,5.072.203,0.565036,0.234804,0.034075,0.292435,0.0,7.221.461,39,0.994058,0.0,0.0,0.061046,0.006108,0.0,0,0.028411,87.800.404,0.319767,4.585.761,2.880.313,1.476.279,1.660.048,25.635.001,8.392.389,-6.783.977,9.736.321.289,0.0,83,76,84,67,86,100,100,90,99,100,100,100,98,96,100,100,97,71,14,100,100,68,20,81,98,99,95,100,S24691945,m,77,East-Asian
S24691945-GM-A77-EAS-T00-S1-LH-C1-I0008-F00.png,27.150.343,66.365.697,0.267301,0.222778,0.033842,0.32425,0.0,714.379,37,0.994536,0.0,0.0,0.052101,0.006701,0.0,0,0.003979,81.444.412,0.291489,3.550.626,3.734.914,1.085.685,2.345.615,-2.013.973,3.837.059,3.235.198,9.031.893.555,0.0,83,69,67,61,86,100,100,89,98,100,100,100,96,96,100,100,100,64,8,100,100,4,100,100,100,100,94,100,S24691945,m,77,East-Asian
S480080971-GM-A31-EAF-T00-S1-LH-C1-I0028-F00.png,24.815.504,42.274.091,0.526817,0.115726,0.019885,0.619146,0.0,6.200.274,39,0.990298,0.0,0.0,0.078777,0.007219,0.0,0,0.001931,78.006.467,0.270536,3.807.379,3.756.102,1.296.965,241.279,0.069136,4.789.817,-0.679675,13.317.571.289,0.0,67,80,83,16,99,100,100,78,99,100,100,100,100,96,100,100,100,60,5,100,100,26,100,100,99,100,97,100,S480080971,m,31,African
S480080971-GM-A31-EAF-T00-S1-LH-C1-I0050-F00.png,26.327.459,54.470.194,0.092245,0.162156,0.030386,0.519719,0.0,6.712.588,43,0.986243,0.0,0.0,0.086955,0.0,0.0,0,0.001293,94.022.185,0.304694,3.243.947,3.201.403,1.282.025,1.999.959,0.252208,7.719.972,0.65441,8.952.862.305,0.0,78,74,49,32,90,100,100,84,99,100,100,100,100,97,100,100,100,77,10,100,100,24,88,100,98,100,94,100,S480080971,m,31,African
S926047332-GM-A22-EME-T14-S1-LH-C1-I0043-F00.png,24.612.703,10.868.694,0.280816,0.423034,0.05061,0.092139,0.0,7.755.164,47,0.991478,0.0,0.0,0.112361,0.0,0.0,0,0.002161,9.800.721,0.318365,3.132.653,3.091.837,1.012.251,2.128.794,0.69498,9.390.213,0.291052,14.735.981.445,0.0,65,95,68,99,70,100,100,97,100,100,100,100,100,97,100,100,100,80,13,100,100,2,96,100,97,100,98,100,S926047332,m,22,Middle-Eastern
S926047332-GM-A22-EME-T14-S1-LH-C1-I0019-F00.png,23.602.303,0.357103,0.069204,0.454825,0.064659,0.084416,7.9e-05,7.815.953,41,0.981745,0.0,0.0,0.08991,0.009707,0.0,0,0.002442,60.046.259,0.20121,04. Sep,4.633.333,1.786.071,3.183.866,-2.249.167,10.550.929,-0.312151,18.113.035.156,0.0,56,100,45,99,60,100,99,98,99,100,100,100,100,96,100,100,100,38,1,100,100,98,100,100,97,100,99,100,S926047332,m,22,Middle-Eastern
S495166625-GF-A58-EAS-T14-S1-LH-C1-I0004-F00.png,2.579.085,2.140.109,0.401384,0.412228,0.055234,0.070006,0.0,7.696.773,45,0.990012,0.0,0.0,0.076235,0.0,0.0,0,0.005844,90.222.953,0.306666,3.343.619,3.343.619,1.241.937,2.018.944,-3.822.698,2.602.919,-0.393634,16.587.066.406,0.0,75,90,76,99,67,100,100,96,100,100,100,100,100,97,100,100,99,73,11,100,100,17,90,100,100,100,99,100,S495166625,f,58,East-Asian
S495166625-GF-A58-EAS-T14-S1-LH-C1-I0009-F00.png,26.118.713,29.557.263,0.200816,0.428765,0.053145,0.060102,0.0,7.702.164,33,0.993542,0.0,0.0,0.081332,0.0,0.0,0,0.019187,78.049.181,0.255979,3.794.872,3.769.231,1.381.036,252.554,2.034.119,1.548.446,0.642576,12.228.672.852,0.0,77,86,62,99,68,100,100,96,98,100,100,100,100,97,100,100,98,60,4,100,100,45,100,100,100,100,97,100,S495166625,f,58,East-Asian
S727226600-GM-A33-EAS-T03-S1-LH-C1-I0061-F00.png,27.279.375,43.421.206,0.101928,0.394523,0.057804,0.082007,0.0,7.641.435,46,0.992373,0.0,0.0,0.084634,0.006992,0.0,0,0.003265,7.605.551,0.279324,3.855.263,3.881.579,129.358,228.649,2.189.188,5.698.168,-0.812355,18.521.640.625,0.0,84,79,50,98,65,100,100,96,100,100,100,100,100,96,100,100,100,58,6,100,100,26,99,100,99,100,99,100,S727226600,m,33,East-Asian
S727226600-GM-A33-EAS-T03-S1-LH-C1-I0035-F00.png,26.606.804,32.003.996,0.324082,0.424414,0.041011,0.048025,0.0,7.513.901,44,0.99331,0.0,0.0,0.082288,0.00573,0.0,0,0.019471,98.006.544,0.340871,3.316.154,2.908.012,1.229.702,1.712.389,-0.310766,6.171.509,1.114.712,15.680.248.047,0.0,80,85,71,99,79,100,100,94,99,100,100,100,100,96,100,100,98,80,20,100,100,15,29,100,99,100,98,100,S727226600,m,33,East-Asian
S883475055-GF-A45-EAS-T00-S1-LH-C1-I0005-F00.png,25.217.628,21.602.242,0.329796,0.461109,0.055166,0.044616,0.0,7.693.903,46,0.986731,0.0,0.0,0.099501,0.007661,0.0,0,0.004268,75.067.413,0.25493,3.890.222,393.019,1.368.866,2.568.547,-0.806522,10.971.927,-1.085.051,16.701.591.797,0.0,70,89,72,99,67,100,100,96,100,100,100,100,100,96,100,100,100,56,4,100,100,42,100,100,96,100,99,100,S883475055,f,45,East-Asian
S883475055-GF-A45-EAS-T00-S1-LH-C1-I0023-F00.png,24.865.334,22.010.336,0.487347,0.522509,0.040516,0.032885,0.0,7.569.019,40,0.989643,0.0,0.0,0.088149,0.0,0.0,0,0.006552,81.008.533,0.273439,3.716.049,3.604.938,1.407.143,Feb 25,-0.831626,9.619.524,0.569391,17.156.771.484,0.0,67,89,81,99,79,100,100,95,99,100,100,100,100,97,100,100,99,63,6,100,100,52,99,100,97,100,99,100,S883475055,f,45,East-Asian
S818699150-GF-A88-EAS-T03-S1-LH-C1-I0054-F00.png,25.777.802,20.809.871,0.537197,0.36082,0.047052,0.073769,0.0,7.579.167,37,0.988468,0.0,0.0,0.069305,0.006622,0.0,0,0.008699,86.062.738,0.294928,3.417.681,3.533.928,131.123,2.079.425,-1.735.655,1.773.591,0.999293,6.125.531.738,0.0,74,90,83,96,73,100,100,95,98,100,100,100,99,96,100,100,99,69,9,100,100,29,94,100,100,100,90,100,S818699150,f,88,East-Asian
S818699150-GF-A88-EAS-T03-S1-LH-C1-I0003-F00.png,24.209.475,38.766.509,0.42301,0.394755,0.054632,0.080584,0.0,7.698.402,35,0.993896,0.0,0.0,0.078816,0.0,0.0,0,0.035183,104.401.487,0.338455,2.885.706,3.019.925,1.223.391,1.731.214,-2.434.749,3.121.593,3.423.994,4.574.994.629,0.0,61,81,77,98,67,100,100,96,98,100,100,100,100,97,100,100,96,85,19,100,100,15,33,100,100,100,87,100,S818699150,f,88,East-Asian
S74441691-GF-A84-EIA-T13-S1-LH-C1-I0034-F00.png,27.227.787,13.605.275,0.36,0.332903,0.045017,0.099602,0.0,7.563.004,47,0.987227,0.0,0.0,0.083041,0.008582,0.003212,0,0.111299,70.581.638,0.227573,3.924.969,4.381.692,1.594.591,2.818.547,-6.941.657,1.122.047,1.619.987,5.190.383.301,0.0,84,93,74,93,75,100,100,95,100,100,100,100,100,96,100,100,89,51,2,100,100,87,100,99,100,100,88,100,S74441691,f,84,Indian-Asian
S74441691-GF-A84-EIA-T13-S1-LH-C1-I0058-F00.png,28.336.124,25.737.439,0.294753,0.315623,0.048363,0.154232,0.0,7.525.214,47,0.993981,0.0,0.0,0.080808,0.0,0.146298,0,0.107058,91.052.622,0.294923,3.284.921,3.339.853,1.423.841,1.966.887,-1.486.606,4.146.063,0.283648,-409.569.458,0.0,89,88,69,91,72,100,100,94,100,100,100,100,100,97,85,100,89,74,9,100,100,56,84,100,99,100,55,100,S74441691,f,84,Indian-Asian
S152846480-GF-A30-EEA-T03-S1-LH-C1-I0031-F00.png,25.599.434,74.295.604,0.133674,0.463086,0.046476,0.074658,0.0,7.565.905,45,0.993197,0.0,0.0,0.089244,0.006042,0.0,0,0.026176,102.083.598,0.323248,3.029.266,2.990.052,135.149,1.751.483,-2.249.904,6.240.493,0.831365,11.006.297.852,0.0,73,65,55,99,74,100,100,95,100,100,100,100,100,96,100,100,97,83,15,100,100,38,38,100,99,100,96,100,S152846480,f,30,European/American (Caucasian)
S152846480-GF-A30-EEA-T03-S1-LH-C1-I0049-F00.png,24.227.432,78.044.542,0.013878,0.408094,0.049155,0.080321,0.0,7.624.413,47,0.989868,0.0,0.0,0.095437,0.007323,0.0,0,0.102632,80.266.389,0.266716,3.874.697,3.524.725,1.153.913,2.609.166,-4.614.146,533.019,164.819,9.433.333.008,0.0,62,64,28,98,71,100,100,95,100,100,100,100,100,96,100,100,90,63,5,100,100,8,100,99,99,100,95,100,S152846480,f,30,European/American (Caucasian)
S342988624-GF-A48-EME-T14-S1-LH-C1-I0008-F00.png,24.076.797,32.509.403,0.469238,0.451092,0.040764,0.051117,0.0,7.605.125,49,0.995688,0.0,0.0,0.085514,0.006289,0.0,0,0.014973,9.480.718,0.310561,3.777.941,2.959.574,1.012.499,2.207.373,19.800.418,3.834.438,-4.325.076,15.041.126.953,0.0,60,84,80,99,79,100,100,95,100,100,100,100,100,96,100,100,99,78,12,100,100,2,98,89,100,99,98,100,S342988624,f,48,Middle-Eastern
S342988624-GF-A48-EME-T14-S1-LH-C1-I0038-F00.png,25.949.062,24.553.099,0.061419,0.469566,0.061914,0.065793,0.0,7.774.014,48,0.990771,0.0,0.0,0.089244,0.0,0.0,0,0.004426,89.082.923,0.306642,3.370.787,3.382.022,1.331.183,1.929.897,-2.472.356,10.577.519,0.815705,12.971.664.062,0.0,76,88,43,99,62,100,100,97,100,100,100,100,100,97,100,100,100,72,11,100,100,33,79,100,97,100,97,100,S342988624,f,48,Middle-Eastern
S247603526-GM-A30-EEA-T13-S1-LH-C1-I0020-F00.png,2.502.577,19.580.679,0.21551,0.360679,0.050074,0.133895,0.0,759.772,49,0.993437,0.0,0.0,0.084833,0.0,0.0,0,0.002857,90.029.458,0.318365,3.332.511,3.354.727,126.378,1.877.265,-0.726564,1.835.819,-0.640803,14.927.075.195,0.0,69,90,63,96,71,100,100,95,100,100,100,100,100,97,100,100,100,73,13,100,100,20,68,100,100,100,98,100,S247603526,m,30,European/American (Caucasian)
S247603526-GM-A30-EEA-T13-S1-LH-C1-I0030-F00.png,26.834.942,10.664.593,0.149654,0.400527,0.045575,0.080136,0.0,7.597.425,41,0.989156,0.0,0.0,0.088015,0.0,0.0,0,0.000338,102.001.751,0.353516,3.029.412,2.990.196,1.198.895,1.629.834,-0.33572,6.091.582,0.115457,14.566.609.375,0.0,81,95,57,98,75,100,100,95,99,100,100,100,100,97,100,100,100,83,25,100,100,12,15,100,99,100,98,100,S247603526,m,30,European/American (Caucasian)
S115293589-GF-A67-EME-T01-S1-LH-C1-I0057-F00.png,28.108.278,59.203.655,0.292438,0.456362,0.050544,0.076821,0.0,7.728.321,41,0.993298,0.0,0.0,0.089999,0.005649,0.0,0,0.00755,106.134.797,0.345753,2.895.711,293.344,1.220.164,1.672.076,2.678.232,2.457.745,-0.074954,11.555.703.125,0.0,88,72,69,99,70,100,100,97,99,100,100,100,100,96,100,100,99,86,22,100,100,14,22,100,100,100,96,100,S115293589,f,67,Middle-Eastern
S115293589-GF-A67-EME-T01-S1-LH-C1-I0001-F00.png,30.993.647,55.293.732,0.368163,0.419317,0.058713,0.089829,0.0,7.801.253,38,0.994008,0.0,0.0,0.088804,0.008782,0.0,0,0.006553,94.055.286,0.314508,3.190.767,3.254.583,1.304.121,1.875.451,-1.540.897,3.120.875,0.821059,12.684.776.367,0.0,96,74,74,99,64,100,100,98,99,100,100,100,100,96,100,100,99,77,12,100,100,28,68,100,100,100,97,100,S115293589,f,67,Middle-Eastern
S185880747-GF-A53-EAF-T03-S1-LH-C1-I0037-F00.png,23.781.242,21.061.413,0.081019,0.449439,0.042223,0.034795,0.0,7.631.872,48,0.990876,0.0,0.0,0.109499,0.005988,0.0,0,0.009102,104.031.852,0.326178,2.961.538,2.961.538,1.371.233,169.458,-1.417.854,4.891.609,-0.564515,1.241.790.918,0.0,57,90,47,99,78,100,100,95,100,100,100,100,100,96,100,100,99,85,16,100,100,43,26,100,99,100,97,100,S185880747,f,53,African
S185880747-GF-A53-EAF-T03-S1-LH-C1-I0030-F00.png,27.183.752,40.792.655,0.137143,0.398723,0.037936,0.049192,0.0,7.520.418,40,0.993849,0.0,0.0,0.078971,0.006211,0.001044,0,0.035223,93.042.869,0.314467,3.322.581,3.182.796,1.248.351,1.931.528,-1.739.347,1.396.032,-0.912538,14.339.719.727,0.0,83,80,55,98,82,100,100,94,99,100,100,100,100,96,100,100,96,76,12,100,100,18,79,100,100,100,98,100,S185880747,f,53,African
S264396021-GM-A30-EAS-T14-S1-LH-C1-I0004-F00.png,27.623.682,21.936.892,0.165714,0.381507,0.052159,0.080648,0.0,7.620.695,47,0.994496,0.0,0.0,0.082456,0.0,0.0,0,0.001781,110.008.325,0.358484,2.781.703,2.872.609,1.234.678,1.562.468,0.474945,10.556.859,0.610198,18.365.652.344,0.0,86,89,58,97,69,100,100,95,100,100,100,100,100,97,100,100,100,88,28,100,100,16,9,100,97,100,99,100,S264396021,m,30,East-Asian
S264396021-GM-A30-EAS-T14-S1-LH-C1-I0022-F00.png,2.498.106,23.117.589,0.357266,0.397978,0.069618,0.105272,0.0,7.745.397,40,0.995358,0.0,0.0,0.082184,0.00578,0.0,0,0.002479,94.613.595,0.337896,3.717.391,2.847.826,0.988423,1.971.065,13.498.478,6.115.327,-0.78552,15.517.139.648,0.0,68,89,73,98,57,100,100,97,99,100,100,100,100,96,100,100,100,77,19,100,100,2,85,95,99,100,98,100,S264396021,m,30,East-Asian
S334613033-GM-A58-EAF-T14-S1-LH-C1-I0012-F00.png,29.287.216,31.020.866,0.201102,0.319266,0.056022,0.269528,0.0,7.558.702,46,0.998163,0.0,0.157092,0.059027,0.005139,0.0,0,0.034501,107.175.862,0.380095,2.869.034,2.915.761,1.087.109,1.550.805,-3.238.807,-0.077646,1.802.682,16.522.308.594,0.0,92,85,62,92,66,100,100,94,100,100,100,84,98,96,100,100,97,87,40,100,100,4,8,100,100,100,99,100,S334613033,m,58,African
S334613033-GM-A58-EAF-T14-S1-LH-C1-I0034-F00.png,2.803.117,43.432.586,0.292011,0.289209,0.046342,0.286888,0.0,7.420.164,39,0.994128,0.0,0.0,0.071085,0.0,0.0,0,0.017911,92.005.591,0.337005,3.293.284,3.271.546,1.203.163,1.772.776,-0.105705,0.791963,-0.082228,13.677.633.789,0.0,87,79,69,86,74,100,100,93,99,100,100,100,99,97,100,100,98,75,19,100,100,12,43,100,100,100,98,100,S334613033,m,58,African
S16643293-GF-A66-EEA-T15-S1-LH-C1-I0037-F00.png,26.963.799,25.344.776,0.481633,0.377872,0.038259,0.062267,0.0,7.450.114,50,0.994365,0.0,0.0,0.09719,0.006191,0.099881,0,0.119706,9.200.975,0.315454,3.304.153,3.260.677,1.266.983,1.912.896,-0.554929,6.079.048,-129.751,11.096.066.406,0.0,82,88,80,97,82,100,100,93,100,100,100,100,100,96,90,100,88,75,13,100,100,21,76,100,99,100,96,100,S16643293,f,66,European/American (Caucasian)
S16643293-GF-A66-EEA-T15-S1-LH-C1-I0013-F00.png,28.569.481,26.172.302,0.293878,0.412262,0.042458,0.067549,0.0,7.591.942,46,0.993481,0.0,0.0,0.095049,0.0,0.070069,0,0.105568,103.047.537,0.348645,2.951.317,3.019.275,1.275.261,1.601.098,1.649.157,532.908,0.370416,11.714.762.695,0.0,89,87,69,99,77,100,100,95,100,100,100,100,100,97,93,100,89,84,23,100,100,22,12,100,99,100,97,100,S16643293,f,66,European/American (Caucasian)
S303695349-GM-A23-EEA-T03-S1-LH-C1-I0014-F00.png,24.281.267,29.406.687,0.110204,0.470298,0.048298,0.06127,0.0,7.652.875,49,0.99323,0.0,0.0,0.088362,0.007852,0.0,0,0.001424,104.096.611,0.351758,2.325.204,3.593.497,1.071.627,1.771.238,-111.516,8.175.426,2.552.029,14.769.197.266,0.0,62,86,52,99,72,100,100,96,100,100,100,100,100,96,100,100,100,85,25,100,100,4,43,100,98,100,98,100,S303695349,m,23,European/American (Caucasian)
S303695349-GM-A23-EEA-T03-S1-LH-C1-I0058-F00.png,25.134.125,24.818.137,0.195918,0.489888,0.048184,0.046459,0.0,7.655.253,46,0.994254,0.0,0.0,0.080706,0.019802,0.0,0,0.000913,84.006.575,0.295905,3.535.464,3.559.272,1.086.069,2.304.585,-0.220567,4.471.648,-0.307958,17.206.109.375,0.0,69,88,61,99,72,100,100,96,100,100,100,100,100,95,100,100,100,67,9,100,100,4,99,100,99,100,99,100,S303695349,m,23,European/American (Caucasian)
S744766748-GM-A69-EEA-T01-S1-LH-C1-I0050-F00.png,28.430.067,21.987.944,0.208478,0.36425,0.056107,0.101329,0.0,7.581.576,46,0.995122,0.0,0.0,0.066522,0.00578,0.0,0,0.003384,10.106.491,0.337926,3.029.703,3.039.604,1.248.367,1.710.725,2.053.601,6.079.531,-0.338447,7.024.307.129,0.0,89,89,62,96,66,100,100,95,100,100,100,100,99,96,100,100,100,83,19,100,100,18,29,100,99,100,92,100,S744766748,m,69,European/American (Caucasian)
S744766748-GM-A69-EEA-T01-S1-LH-C1-I0023-F00.png,28.640.469,9.690.431,0.559689,0.321226,0.028637,0.103171,0.0,7.382.465,42,0.991395,0.0,0.0,0.066353,0.0,0.0,0,0.002463,103.007.532,0.345716,2.961.165,3.009.709,1.186.422,1.706.187,-0.692865,1.406.141,1.416.841,9.221.945.312,0.0,90,56,84,92,92,100,100,92,99,100,100,100,99,97,100,100,100,84,22,100,100,11,28,100,100,100,95,100,S744766748,m,69,European/American (Caucasian)
S823868688-GF-A68-EAF-T14-S1-LH-C1-I0046-F00.png,23.985.329,1.970.723,0.152653,0.276289,0.025835,0.134935,0.0,7.257.508,41,0.994979,0.0,0.0,0.087333,0.006644,0.0,0,0.011128,91.007.223,0.293986,3.285.516,3.340.458,1.293.075,2.119.576,-0.353153,5.732.252,-0.561003,1.190.312.207,0.0,59,90,57,82,94,100,100,91,99,100,100,100,100,96,100,100,99,74,8,100,100,26,96,100,99,100,97,100,S823868688,f,68,African
S823868688-GF-A68-EAF-T14-S1-LH-C1-I0019-F00.png,24.498.684,25.560.092,0.147755,0.232995,0.029834,0.296979,0.0,7.182.288,45,0.997061,0.0,0.0,0.086885,0.009814,0.0,0,0.028818,87.092.087,0.281455,3.502.048,3.375.744,136.687,2.185.604,-0.117087,7.906.453,-241.554,1.189.159.375,0.0,64,88,56,66,90,100,100,90,100,100,100,100,100,96,100,100,97,70,7,100,100,42,98,100,98,100,97,100,S823868688,f,68,African
S881226288-GM-A24-EAS-T01-S1-LH-C1-I0035-F00.png,25.117.935,59.865.177,0.131429,0.391179,0.044938,0.093907,0.0,754.888,45,0.994052,0.0,0.0,0.095413,0.006849,0.0,0,0.003007,8.500.467,0.285171,3.505.882,3.517.647,1.493.011,201.351,-0.600599,737.504,-0.680608,16.385.671.875,0.0,69,72,54,98,75,100,100,94,100,100,100,100,100,96,100,100,100,68,7,100,100,72,89,100,98,100,99,100,S881226288,m,24,East-Asian
S881226288-GM-A24-EAS-T01-S1-LH-C1-I0012-F00.png,22.973.167,4.329.533,0.033469,0.314941,0.048493,0.162455,0.0,7.411.294,40,0.985125,0.0,0.0,0.077325,0.0,0.0,0,0.004347,56.040.056,0.195469,513.958,4.996.814,1.358.913,3.756.996,-0.714168,3.983.523,-117.436,1.613.112.793,0.0,50,79,36,91,72,100,100,93,99,100,100,100,100,97,100,100,100,33,1,100,100,40,100,100,100,100,99,100,S881226288,m,24,East-Asian
S700907495-GM-A91-EME-T01-S1-LH-C1-I0005-F00.png,24.483.519,29.848.522,0.413223,0.31269,0.055322,0.221041,0.0,7.586.315,48,0.985163,0.0,0.05155,0.09429,0.005666,0.0,0,0.001652,99.033.495,0.344728,3.110.952,306.045,1.090.909,1.818.182,137.327,7.962.704,1.730.589,276.919.458,0.0,64,86,77,90,66,100,100,95,100,100,100,95,100,96,100,100,100,81,22,100,100,4,55,100,98,100,83,100,S700907495,m,91,Middle-Eastern
S700907495-GM-A91-EME-T01-S1-LH-C1-I0049-F00.png,25.557.564,28.675.986,0.315918,0.30369,0.064703,0.284005,0.0,7.439.234,50,0.988432,0.0,0.0,0.071246,0.0,0.0,0,0.001892,103.004.231,0.333986,2.932.039,3.038.835,122.807,1.766.082,0.51932,5.001.297,1.710.019,4.329.875.977,0.0,73,86,71,89,60,100,100,93,100,100,100,100,99,97,100,100,100,84,18,100,100,15,42,100,99,100,87,100,S700907495,m,91,Middle-Eastern
S491714282-GM-A47-EAS-T14-S1-LH-C1-I0021-F00.png,28.032.309,139.108.966,0.194286,0.245635,0.04812,0.353442,0.0,7.226.544,46,0.988793,0.0,0.215279,0.076102,0.0,0.0,0,0.004685,72.137.289,0.284287,3.444.112,4.666.217,1.089.241,2.440.451,-3.444.848,0.701141,-0.727974,7.901.911.621,0.0,87,41,61,71,72,100,100,90,100,100,100,78,100,97,100,100,100,53,7,100,100,4,100,100,100,100,93,100,S491714282,m,47,East-Asian
S491714282-GM-A47-EAS-T14-S1-LH-C1-I0028-F00.png,29.644.413,153.419.842,0.326905,0.303275,0.052589,0.226198,0.0,7.498.971,48,0.996952,0.0,0.0,0.071565,0.005644,0.0,0,0.005539,126.055.476,0.489398,2.538.963,2.523.094,0.815765,1.231.645,1.014.674,1.610.455,-0.964026,11.687.801.758,0.0,93,37,72,89,69,100,100,94,100,100,100,100,99,96,100,100,99,94,63,100,100,0,0,100,100,100,97,100,S491714282,m,47,East-Asian
S482766020-GF-A40-EAS-T15-S1-LH-C1-I0003-F00.png,20.847.183,40.840.693,0.725779,0.484045,0.038692,0.035424,0.0,7.570.798,47,0.993093,0.0,0.0,0.105892,0.005753,0.17681,0,0.107357,108.236.087,0.339487,3.647.459,2.508.888,1.084.515,1.869.058,23.515.696,1.059.687,-6.758.439,12.852.807.617,0.0,30,80,91,99,81,100,100,95,100,100,100,100,100,96,82,100,89,87,20,100,100,4,67,84,97,99,97,100,S482766020,f,40,East-Asian
S482766020-GF-A40-EAS-T15-S1-LH-C1-I0048-F00.png,25.168.203,27.455.594,0.562449,0.48699,0.03434,0.036737,0.0,7.464.605,44,0.991665,0.0,0.0,0.090103,0.008418,0.0,0,0.003857,99.008.014,0.328126,3.111.111,3.060.606,1.184.524,1.863.095,0.72901,8.137.937,-127.474,17.616.216.797,0.0,70,87,84,99,86,100,100,93,99,100,100,100,100,96,100,100,100,81,16,100,100,10,65,100,98,100,99,100,S482766020,f,40,East-Asian
S892006153-GF-A74-EAF-T14-S1-LH-C1-I0020-F00.png,21.882.198,17.509.426,0.364082,0.316161,0.035579,0.14052,0.0,7.481.006,47,0.985319,0.0,0.0,0.077731,0.006309,0.016502,0,0.12021,9.810.263,0.309595,3.122.286,3.101.879,1.259.393,1.980.854,-2.555.042,1.061.168,0.431321,8.600.081.055,0.0,39,91,74,91,84,100,100,94,100,100,100,100,100,96,98,100,88,80,11,100,100,20,86,100,100,100,94,100,S892006153,f,74,African
S892006153-GF-A74-EAF-T14-S1-LH-C1-I0060-F00.png,20.724.169,33.407.013,0.031837,0.223056,0.027982,0.297822,0.0,7.087.475,49,0.975096,0.0,0.0,0.084642,0.0,0.0,0,0.075936,57.083.208,0.180688,5.010.609,495.805,1.673.518,3.890.385,0.704546,8.585.865,-1.842.987,10.792.808.594,0.0,29,84,36,61,92,100,100,89,100,100,100,100,100,97,100,100,92,34,1,100,100,94,100,100,98,100,96,100,S892006153,f,74,African
S451881801-GF-A25-EEA-T14-S1-LH-C1-I0019-F00.png,23.763.405,44.086.981,0.067901,0.510564,0.051682,0.034584,0.0,7.708.147,45,0.996277,0.0,0.0,0.093127,0.006472,0.0,0,0.049666,92.051.129,0.301783,3.260.677,3.304.153,127.262,2.051.775,-1.805.397,2.734.169,0.313982,10.922.017.578,0.0,57,79,45,99,69,100,100,96,100,100,100,100,100,96,100,100,95,75,10,100,100,22,93,100,100,100,96,100,S451881801,f,25,European/American (Caucasian)
S451881801-GF-A25-EEA-T14-S1-LH-C1-I0032-F00.png,22.627.178,38.180.457,0.07716,0.496952,0.05683,0.036458,0.0,7.738.729,40,0.992879,0.0,0.0,0.092585,0.007067,0.0,0,0.063652,83.027.399,0.276383,3.614.196,3.553.959,1.276.467,2.354.373,-130.015,3.878.411,-0.096503,10.031.525.391,0.0,46,82,46,100,65,100,100,97,99,100,100,100,100,96,100,100,94,66,6,100,100,23,100,100,100,100,95,100,S451881801,f,25,European/American (Caucasian)
S422234801-GM-A19-EAS-T14-S1-LH-C1-I0024-F00.png,24.723.383,36.857.767,0.035467,0.47101,0.059017,0.053621,0.0,762.599,39,0.992444,0.0,0.0,0.07839,0.0,0.0,0,0.005633,78.011.153,0.269531,3.858.974,3.705.128,1.463.768,2.246.377,-0.968863,11.744.751,0.223707,17.780.554.688,0.0,66,82,37,99,64,100,100,95,99,100,100,100,100,97,100,100,99,60,5,100,100,65,99,100,96,100,99,100,S422234801,m,19,East-Asian
S422234801-GM-A19-EAS-T14-S1-LH-C1-I0010-F00.png,22.690.943,40.419.569,0.356735,0.369555,0.045313,0.097859,0.0,7.656.301,41,0.995555,0.0,0.0,0.0751,0.006384,0.0,0,0.01436,93.204.356,0.305928,3.328.526,3.167.469,1.056.629,2.222.123,2.221.431,6.653.756,-3.073.514,14.632.750.977,0.0,47,81,73,97,75,100,100,96,99,100,100,100,100,96,100,100,99,76,11,100,100,3,99,100,99,100,98,100,S422234801,m,19,East-Asian
S388165049-GF-A42-EIA-T03-S1-LH-C1-I0001-F00.png,24.855.434,44.997.436,0.037809,0.358457,0.053401,0.124466,0.0,7.626.417,46,0.994251,0.0,0.0,0.107521,0.0,0.0,0,0.010082,94.081.155,0.297852,3.179.232,3.264.295,1.414.474,1.953.947,-1.524.351,5.763.424,0.714406,9.020.688.477,0.0,67,79,37,96,68,100,100,95,100,100,100,100,100,97,100,100,99,77,9,100,100,54,82,100,99,100,94,100,S388165049,f,42,Indian-Asian
S388165049-GF-A42-EIA-T03-S1-LH-C1-I0035-F00.png,21.747.982,50.259.178,0.027755,0.328236,0.050211,0.149869,0.0,7.544.379,40,0.995086,0.0,0.0,0.094753,0.006493,0.0,0,0.008441,8.903.933,0.300783,3.359.551,3.393.258,1.298.674,2.025.931,-1.703.032,4.552.695,-0.86223,1.479.440.918,0.0,38,76,34,93,71,100,100,94,99,100,100,100,100,96,100,100,99,72,10,100,100,27,91,100,99,100,98,100,S388165049,f,42,Indian-Asian
S935196519-GF-A33-EEA-T03-S1-LH-C1-I0035-F00.png,24.950.905,20.219.572,0.140432,0.481868,0.045263,0.058383,0.0,7.664.219,45,0.997048,0.0,0.0,0.103915,0.0,0.0,0,0.003401,114.051.107,0.370303,2.753.433,2.735.895,1.295.644,1.411.987,0.818615,11.302.429,132.444,18.101.726.562,0.0,68,90,55,99,75,100,100,96,100,100,100,100,100,97,100,100,100,90,34,100,100,26,2,100,96,100,99,100,S935196519,f,33,European/American (Caucasian)
S935196519-GF-A33-EEA-T03-S1-LH-C1-I0029-F00.png,23.230.722,4.633.537,0.061224,0.471959,0.064954,0.061357,0.0,7.798.938,47,0.995375,0.0,0.0,0.111102,0.006369,0.0,0,0.045707,94.036.889,0.306666,3.265.218,3.180.131,1.382.053,1.878.828,-1.044.135,8.435.387,-0.296666,14.055.867.188,0.0,52,78,43,99,60,100,100,97,100,100,100,100,100,96,100,100,95,77,11,100,100,46,69,100,98,100,98,100,S935196519,f,33,European/American (Caucasian)
S646914020-GF-A41-EAF-T14-S1-LH-C1-I0017-F00.png,22.589.077,73.064.756,0.094907,0.270169,0.021852,0.155701,0.0,7.143.906,49,0.937821,0.0,0.0,0.098123,0.013986,0.0,0,0.007349,45.017.291,0.139652,619.847,6.176.253,1.619.718,5.591.549,0.949496,3.791.082,-0.89105,17.611.677.734,0.0,46,66,49,80,98,100,100,89,100,100,100,100,100,96,100,100,99,22,0,100,100,90,100,100,100,100,99,100,S646914020,f,41,African
S646914020-GF-A41-EAF-T14-S1-LH-C1-I0003-F00.png,2.361.668,38.299.198,0.018776,0.247863,0.033893,0.294821,0.0,724.273,50,0.955938,0.0,0.0,0.09513,0.0,0.0,0,0.006112,50.090.401,0.157336,5.450.198,5.769.624,1.698.806,4.696.699,0.251352,3.052.089,1.744.953,16.963.824.219,0.0,56,82,30,72,86,100,100,91,100,100,100,100,100,97,100,100,99,27,1,100,100,95,100,100,100,100,99,100,S646914020,f,41,African
S622813751-GM-A67-EAF-T01-S1-LH-C1-I0059-F00.png,26.873.444,49.607.184,0.24827,0.181938,0.030044,0.451693,0.0,686.383,45,0.997891,0.0,0.0,0.063373,0.006491,0.0,0,0.022195,85.023.579,0.30091,3.528.435,3.493.151,1.148.963,2.174.591,0.063889,-0.082846,0.968833,4.689.757.812,0.0,82,76,66,41,90,100,100,86,100,100,100,100,99,96,100,100,98,68,10,100,100,8,98,100,100,100,87,100,S622813751,m,67,African
S622813751-GM-A67-EAF-T01-S1-LH-C1-I0043-F00.png,27.210.375,27.887.827,0.205693,0.221451,0.044994,0.432128,0.0,7.110.102,47,0.996106,0.0,0.0,0.079386,0.006061,0.0,0,0.016252,87.047.584,0.322267,3.425.287,345.977,1.242.401,1.860.572,1.894.564,0.84682,-0.682173,12.273.801.758,0.0,83,87,62,61,75,100,100,89,100,100,100,100,100,96,100,100,98,70,14,100,100,17,65,100,100,100,97,100,S622813751,m,67,African
S970888949-GF-A57-EEA-T15-S1-LH-C1-I0044-F00.png,2.669.799,25.874.954,0.393599,0.427011,0.043871,0.04447,0.0,7.542.899,49,0.99408,0.0,0.0,0.08629,0.006005,0.004101,0,0.105038,98.060.565,0.325248,313.249,3.091.676,1.186.553,1.897.281,192.714,3.787.118,-1.406.668,11.917.149.414,0.0,81,87,76,99,76,100,100,94,100,100,100,100,100,96,100,100,89,80,15,100,100,11,73,100,100,100,97,100,S970888949,f,57,European/American (Caucasian)
S970888949-GF-A57-EEA-T15-S1-LH-C1-I0010-F00.png,25.374.331,24.504.571,0.272491,0.40043,0.042327,0.056271,0.0,753.915,47,0.994192,0.0,0.0,0.094985,0.007192,0.118017,0,0.115695,8.100.706,0.27157,3.666.667,3.654.321,1.373.532,2.308.397,-0.756465,7.891.216,0.149646,1.067.406.543,0.0,71,88,68,98,78,100,100,94,100,100,100,100,100,96,88,100,88,63,5,100,100,43,99,100,98,100,96,100,S970888949,f,57,European/American (Caucasian)
S987384432-GF-A95-EME-T01-S1-LH-C1-I0036-F00.png,29.718.771,15.055.522,0.311728,0.342617,0.078178,0.228638,0.0,7.614.591,45,0.989529,0.267702,0.0,0.089657,0.005797,0.0,0,0.003898,102.005.527,0.33692,2.980.249,303.907,1.261.607,1.715.087,0.200523,804.835,1.317.646,7.706.661.621,0.0,93,93,70,95,52,100,100,95,100,100,99,100,100,96,100,100,100,83,19,100,100,20,30,100,98,100,93,100,S987384432,f,95,Middle-Eastern
S987384432-GF-A95-EME-T01-S1-LH-C1-I0038-F00.png,28.601.984,25.316.446,0.448163,0.35917,0.037045,0.09186,0.0,7.540.553,44,0.985051,0.0,0.0,0.089219,0.008162,0.0,0,0.005166,72.068.164,0.23929,4.163.054,3.941.025,1.557.168,263.899,0.720076,8.757.093,-185.618,9.942.608.398,0.0,90,88,79,96,83,100,100,94,99,100,100,100,100,96,100,100,99,53,3,100,100,83,100,100,98,100,95,100,S987384432,f,95,Middle-Eastern
S571571794-GM-A57-EEA-T03-S1-LH-C1-I0018-F00.png,27.658.472,36.159.272,0.132231,0.436794,0.04614,0.060331,0.0,7.619.637,48,0.993725,0.0,0.0,0.068247,0.005763,0.0,0,0.003984,94.037.905,0.338918,3.201.946,3.244.497,1.086.542,1.872.551,-15.084,1.757.688,1.935.167,15.144.638.672,0.0,86,83,55,99,74,100,100,95,100,100,100,100,99,96,100,100,100,77,20,100,100,4,67,100,100,100,98,100,S571571794,m,57,European/American (Caucasian)
S571571794-GM-A57-EEA-T03-S1-LH-C1-I0016-F00.png,27.496.054,36.908.964,0.370983,0.366327,0.022477,0.064414,0.0,7.220.388,44,0.98997,0.0,0.0,0.080762,0.006289,0.0,0,0.003763,90.038.711,0.310553,3.366.667,3.322.222,1.327.018,1.893.044,-1.680.189,4.873.669,0.667752,14.337.230.469,0.0,85,82,74,97,97,100,100,90,99,100,100,100,100,96,100,100,100,73,12,100,100,33,72,100,99,100,98,100,S571571794,m,57,European/American (Caucasian)
S983574004-GM-A83-EAF-T01-S1-LH-C1-I0006-F00.png,24.480.713,23.455.483,0.265381,0.172412,0.028788,0.469743,0.0,6.672.106,45,0.995978,0.0,0.0,0.077637,0.005968,0.0,0,0.009035,9.307.543,0.327266,3.006.454,360.994,1.286.849,1.777.647,-11.713.123,2.594.104,0.347996,8.192.822.266,0.0,64,89,67,37,91,100,100,83,100,100,100,100,100,96,100,100,99,76,16,100,100,24,44,96,100,100,93,100,S983574004,m,83,African
S983574004-GM-A83-EAF-T01-S1-LH-C1-I0052-F00.png,24.679.722,29.342.652,0.258651,0.185324,0.031946,0.475309,0.0,6.884.208,47,0.994161,0.0,0.0,0.063133,0.0,0.0,0,0.00371,82.072.546,0.289122,3.633.066,3.608.683,1.202.456,2.256.293,1.962.913,6.242.519,-1.459.683,9.106.461.914,0.0,66,86,67,43,88,100,100,86,100,100,100,100,99,97,100,100,100,65,8,100,100,12,99,100,99,100,94,100,S983574004,m,83,African
S562599431-GM-A42-EEA-T00-S1-LH-C1-I0033-F00.png,28.241.892,44.364.942,0.357266,0.4017,0.059964,0.114508,0.0,7.717.596,44,0.992859,0.0,0.0,0.080279,0.005847,0.0,0,0.007068,93.010.187,0.334054,3.290.323,3.215.054,1.274.505,1.718.828,-0.847992,-0.650852,-0.700781,17.673.162.109,0.0,88,79,73,98,63,100,100,96,99,100,100,100,100,96,100,100,99,76,18,100,100,22,31,100,100,100,99,100,S562599431,m,42,European/American (Caucasian)
S562599431-GM-A42-EEA-T00-S1-LH-C1-I0010-F00.png,28.879.976,49.637.966,0.099174,0.352194,0.056314,0.154204,0.0,75.775,44,0.995424,0.0,0.0,0.074591,0.006451,0.0,0,0.00982,81.032.402,0.302749,3.714.917,360.384,11.999,2.103.051,0.790595,2.517.209,-0.667484,11.493.362.305,0.0,91,76,50,95,66,100,100,95,99,100,100,100,100,96,100,100,99,63,10,100,100,12,95,100,100,100,96,100,S562599431,m,42,European/American (Caucasian)
S345601750-GF-A64-EEA-T03-S1-LH-C1-I0046-F00.png,24.462.948,44.696.965,0.164898,0.405623,0.050323,0.084598,0.0,7.672.311,43,0.993206,0.0,0.0,0.078724,0.0,0.0,0,0.028807,90.060.977,0.307716,3.342.588,3.342.588,1.337.146,1.922.943,-0.895134,2.618.372,-2.141.729,1.446.940.918,0.0,64,79,58,98,70,100,100,96,99,100,100,100,100,97,100,100,97,73,11,100,100,35,77,100,100,100,98,100,S345601750,f,64,European/American (Caucasian)
S345601750-GF-A64-EEA-T03-S1-LH-C1-I0027-F00.png,24.738.026,60.951.574,0.225309,0.499172,0.035121,0.020993,0.0,7.543.339,48,0.994189,0.0,0.0,0.100371,0.0,0.0,0,0.005423,108.018.526,0.345753,2.879.136,2.860.621,1.197.568,1.694.672,0.023341,4.374.267,-1.538.051,9.426.505.859,0.0,66,71,64,100,85,100,100,94,100,100,100,100,100,97,100,100,99,87,22,100,100,12,26,100,99,100,95,100,S345601750,f,64,European/American (Caucasian)
S433132043-GF-A27-EAS-T01-S1-LH-C1-I0013-F00.png,24.752.188,26.000.821,0.382857,0.504406,0.052703,0.041141,0.0,7.604.663,33,0.990735,0.0,0.0,0.092942,0.006893,0.0,0,0.005794,85.142.194,0.283339,3.481.389,3.540.197,1.185.756,2.343.936,-3.025.392,1.047.174,1.242.875,16.086.101.562,0.0,66,87,75,100,69,100,100,95,98,100,100,100,100,96,100,100,99,68,7,100,100,11,100,100,97,100,99,100,S433132043,f,27,East-Asian
S433132043-GF-A27-EAS-T01-S1-LH-C1-I0057-F00.png,24.654.449,46.110.476,0.428241,0.475531,0.040619,0.041108,0.0,7.489.835,41,0.992429,0.0,0.0,0.088583,0.007692,0.0,0,0.00775,7.500.087,0.253908,3.906.667,MŠr 92,1.299.962,2.638.383,-0.276047,9.007.249,-0.335153,13.167.618.164,0.0,65,78,78,99,79,100,100,94,99,100,100,100,100,96,100,100,99,56,4,100,100,27,100,100,98,100,97,100,S433132043,f,27,East-Asian
S457681878-GF-A95-EEA-T14-S1-LH-C1-I0040-F00.png,25.872.282,34.653.361,0.078367,0.413696,0.064219,0.08429,0.0,7.615.638,48,0.993307,0.0,0.0,0.09,0.0,0.0,0,0.029355,82.009.749,0.268583,3.743.624,349.974,1.350.221,2.386.607,0.54067,1.306.041,-0.155743,13.074.318.359,0.0,75,83,47,99,60,100,100,95,100,100,100,100,100,97,100,100,97,65,5,100,100,38,100,100,100,100,97,100,S457681878,f,95,European/American (Caucasian)
S457681878-GF-A95-EEA-T14-S1-LH-C1-I0062-F00.png,26.572.008,51.000.779,0.21551,0.386633,0.047722,0.070594,0.0,762.188,42,0.990892,0.0,0.0,0.080292,0.0,0.0,0,0.036524,96.243.572,0.314453,31.875,3.145.833,1.248.447,1.931.677,-4.077.157,2.491.206,-0.233898,15.311.926.758,0.0,80,76,63,98,73,100,100,95,99,100,100,100,100,97,100,100,96,79,12,100,100,18,79,99,100,100,98,100,S457681878,f,95,European/American (Caucasian)
S984249295-GF-A20-EEA-T01-S1-LH-C1-I0053-F00.png,20.926.487,30.777.605,0.0,0.393028,0.059025,0.100152,0.0,7.624.181,41,0.994745,0.0,0.0,0.100243,0.0,0.0,0,0.093351,94.078.514,0.299964,3.253.663,3.189.865,1.358.752,1.985.868,-1.462.671,6.750.145,1.703.086,12.858.061.523,0.0,31,85,0,98,64,100,100,95,99,100,100,100,100,97,100,100,91,77,9,100,100,40,87,100,99,100,97,100,S984249295,f,20,European/American (Caucasian)
S984249295-GF-A20-EEA-T01-S1-LH-C1-I0003-F00.png,22.187.273,46.080.798,0.004383,0.398288,0.06008,0.105441,0.0,7.610.719,44,0.995397,0.0,0.0,0.096575,0.0,0.0,0,0.044845,96.016.037,0.298835,321.875,3.114.583,1.267.947,2.078.387,-1.047.207,6.488.127,0.350015,14.775.961.914,0.0,42,78,20,98,63,100,100,95,99,100,100,100,100,97,100,100,96,79,9,100,100,21,94,100,99,100,98,100,S984249295,f,20,European/American (Caucasian)
S560484958-GM-A54-EAF-T01-S1-LH-C1-I0059-F00.png,27.315.659,23.744.528,0.08,0.215781,0.047391,0.464297,0.0,6.962.599,48,0.996347,0.0,0.128049,0.069928,0.005102,0.0,0,0.003644,107.029.219,0.382844,289.669,2.887.346,1.050.897,1.561.042,0.803665,3.149.449,-1.047.444,16.305.491.211,0.0,84,88,47,58,73,100,100,87,100,100,100,87,99,96,100,100,100,86,41,100,100,3,8,100,100,100,99,100,S560484958,m,54,African
S560484958-GM-A54-EAF-T01-S1-LH-C1-I0032-F00.png,27.687.212,20.758.767,0.221224,0.151896,0.029408,0.536056,0.0,6.610.238,42,0.997741,0.0,0.0,0.079812,0.004728,0.0,0,0.007147,118.049.087,0.413104,2.643.214,2.694.045,1.014.172,1.412.259,0.780674,5.657.717,-1.264.885,16.299.023.438,0.0,86,90,64,28,91,100,100,83,99,100,100,100,100,96,100,100,99,92,65,100,100,2,2,100,99,100,99,100,S560484958,m,54,African
S574280680-GF-A53-EME-T03-S1-LH-C1-I0043-F00.png,2.692.127,50.750.956,0.207347,0.446828,0.049289,0.058117,0.0,7.656.646,46,0.994384,0.0,0.0,0.097444,0.0,0.0,0,0.020216,89.013.205,0.300783,3.382.022,3.370.787,1.318.154,2.006.451,-0.986919,5.085.343,-0.24833,11.012.797.852,0.0,82,76,62,99,71,100,100,96,100,100,100,100,100,97,100,100,98,72,10,100,100,31,89,100,99,100,96,100,S574280680,f,53,Middle-Eastern
S574280680-GF-A53-EME-T03-S1-LH-C1-I0015-F00.png,2.766.361,33.052.006,0.30449,0.440274,0.053781,0.075717,0.0,7.726.111,47,0.991082,0.0,0.0,0.103683,0.006465,0.000435,0,0.030488,91.169.493,0.302113,3.360.812,3.261.964,1.420.163,1.900.035,-2.940.715,7.551.185,-2.023.066,10.731.139.648,0.0,86,84,70,99,68,100,100,97,100,100,100,100,100,96,100,100,97,74,10,100,100,55,73,100,98,100,96,100,S574280680,f,53,Middle-Eastern
S976538751-GM-A19-EAF-T14-S1-LH-C1-I0018-F00.png,25.739.923,37.605.639,0.040895,0.190128,0.022418,0.422008,0.0,6.783.711,49,0.992957,0.0,0.0,0.081145,0.0,0.0,0,0.0021,74.028.802,0.236328,3.971.523,3.944.506,1.355.372,2.876.033,0.397351,6.154.954,-1.524.935,6.163.966.797,0.0,74,82,38,45,97,100,100,85,100,100,100,100,100,97,100,100,100,55,3,100,100,39,100,100,99,100,90,100,S976538751,m,19,African
S976538751-GM-A19-EAF-T14-S1-LH-C1-I0052-F00.png,25.119.398,42.686.358,0.05787,0.250366,0.046496,0.390814,0.0,7.216.616,46,0.99445,0.0,0.0,0.089907,0.0,0.0,0,0.000203,89.037.619,0.284181,3.381.809,3.370.574,1.503.448,2.027.586,1.536.185,5.652.665,1.138.905,9.492.348.633,0.0,69,80,43,73,74,100,100,90,100,100,100,100,100,97,100,100,100,72,7,100,100,74,91,100,99,100,95,100,S976538751,m,19,African
S62389544-GF-A82-EEA-T14-S1-LH-C1-I0057-F00.png,27.993.914,11.617.109,0.454694,0.378525,0.035277,0.064216,0.0,7.505.847,44,0.993562,0.0,0.0,0.075166,0.006777,0.0,0,0.004103,8.608.858,0.288192,3.509.493,3.439.768,1.224.037,2.257.668,-166.325,3.273.286,-0.670303,10.293.674.805,0.0,87,94,79,97,85,100,100,94,99,100,100,100,100,96,100,100,100,69,8,100,100,15,99,100,100,100,96,100,S62389544,f,82,European/American (Caucasian)
S62389544-GF-A82-EEA-T14-S1-LH-C1-I0002-F00.png,28.608.372,1.377.523,0.398789,0.370484,0.049665,0.104555,0.0,7.598.181,49,0.991859,0.0,0.0,0.081837,0.0059,0.0,0,0.002318,100.101.644,0.33106,3.079.846,3.039.848,1.212.997,1.816.536,2.517.905,8.281.744,-0.681557,7.237.746.094,0.0,90,93,76,97,71,100,100,95,100,100,100,100,100,96,100,100,100,82,17,100,100,13,54,100,98,100,92,100,S62389544,f,82,European/American (Caucasian)
S641100116-GM-A97-EEA-T14-S1-LH-C1-I0016-F00.png,25.140.898,23.315.782,0.162449,0.236334,0.055237,0.40909,0.0,7.135.137,41,0.993437,0.0,0.0,0.077754,0.00542,0.0,0,0.008105,93.006.254,0.360363,3.290.132,3.214.868,1.141.237,1.641.207,-0.248996,6.826.933,0.237759,11.576.381.836,0.0,69,89,58,67,67,100,100,89,99,100,100,100,100,96,100,100,99,76,29,100,100,7,17,100,99,100,96,100,S641100116,m,97,European/American (Caucasian)
S641100116-GM-A97-EEA-T14-S1-LH-C1-I0050-F00.png,2.807.663,32.357.064,0.150519,0.331277,0.060081,0.21568,0.0,757.926,44,0.99441,0.0,0.0,0.073692,0.005319,0.0,0,0.004255,10.717.117,0.367199,2.971.963,2.813.084,1.026.581,1.696.785,32.387,354.323,-0.49911,16.998.365.234,0.0,88,84,57,93,63,100,100,95,99,100,100,100,100,96,100,100,100,87,32,100,100,2,26,100,100,100,99,100,S641100116,m,97,European/American (Caucasian)
S931374402-GM-A20-EAF-T14-S1-LH-C1-I0045-F00.png,26.236.717,38.395.826,0.056327,0.238786,0.047251,0.399013,0.0,7.209.173,41,0.99095,0.0,0.0,0.074534,0.015258,0.0,0,0.001943,79.085.358,0.25601,4.340.381,3.138.235,1.342.534,2.563.019,223.284,5.600.532,-0.626858,9.349.322.266,0.0,78,82,42,68,73,100,100,90,99,100,100,100,100,96,100,100,100,61,4,100,100,36,100,100,99,100,95,100,S931374402,m,20,African
S931374402-GM-A20-EAF-T14-S1-LH-C1-I0054-F00.png,27.156.422,30.244.498,0.060185,0.230927,0.032615,0.350523,0.0,7.132.435,39,0.987493,0.0,0.0,0.084996,0.026307,0.0,0,0.001438,68.067.466,0.222733,433.636,4.189.365,1.324.103,3.165.571,1.916.125,4.345.459,0.022244,90.395.625,0.0,83,85,43,65,87,100,100,89,99,100,100,100,100,95,100,100,100,48,2,100,100,32,100,100,99,100,94,100,S931374402,m,20,African
S501773750-GF-A65-EAF-T01-S1-LH-C1-I0060-F00.png,23.223.469,31.138.143,0.111111,0.268484,0.027867,0.179426,0.0,7.283.774,42,0.978059,0.0,0.0,0.101347,0.0,0.0,0,0.00931,59.048.673,0.178735,4.745.081,4.931.495,1.768.804,3.856.212,-2.114.279,1.610.676,0.455608,15.851.482.422,0.0,52,85,52,80,92,100,100,91,99,100,100,100,100,97,100,100,99,37,1,100,100,98,100,100,100,100,98,100,S501773750,f,65,African
S501773750-GF-A65-EAF-T01-S1-LH-C1-I0028-F00.png,25.812.305,35.425.916,0.066122,0.262182,0.037098,0.261275,0.0,7.320.279,43,0.98127,0.0,0.0,0.089621,0.0,0.0,0,0.004613,6.803.237,0.213114,4.262.862,4.262.862,1.732.124,296.019,-0.534912,5.400.964,-1.075.891,16.548.328.125,0.0,75,83,44,78,83,100,100,92,99,100,100,100,100,97,100,100,100,48,2,100,100,97,100,100,99,100,99,100,S501773750,f,65,African
S79524757-GF-A98-EAF-T03-S1-LH-C1-I0049-F00.png,29.571.213,51.148.589,0.270204,0.236641,0.029332,0.293145,0.0,7.195.198,46,0.992024,0.0,0.0,0.094082,0.006757,0.0,0,0.005656,90.000.306,0.289062,3.355.556,3.333.333,1.527.027,1.932.432,0.149383,8.224.671,0.750997,7.807.322.266,0.0,93,76,68,68,91,100,100,90,100,100,100,100,100,96,100,100,99,73,8,100,100,78,79,100,98,100,93,100,S79524757,f,98,African
S79524757-GF-A98-EAF-T03-S1-LH-C1-I0047-F00.png,2.867.494,16.047.535,0.285494,0.242251,0.044753,0.363341,0.0,7.240.889,45,0.993719,0.0,0.0,0.113694,0.007407,0.0,0,0.002401,83.010.452,0.263688,3.578.313,3.590.361,137.022,2.421.956,0.909242,10.994.333,-0.530067,6.097.086.426,0.0,90,92,69,70,75,100,100,91,100,100,100,100,100,96,100,100,100,66,5,100,100,43,100,100,96,100,90,100,S79524757,f,98,African
S466127583-GM-A39-EME-T11-S1-LH-C1-I0006-F00.png,26.011.147,4.431.808,0.096327,0.368881,0.073342,0.155246,0.0,7.697.833,49,0.994537,0.0,0.0,0.104733,0.005617,0.095407,0,0.125373,105.073.424,0.347691,2.932.801,2.942.323,1.252.631,1.623.365,1.843.404,6.036.121,-1.602.623,12.539.685.547,0.0,76,98,50,97,55,100,100,96,100,100,100,100,100,96,90,100,87,85,23,100,100,19,15,100,99,100,97,100,S466127583,m,39,Middle-Eastern
S466127583-GM-A39-EME-T11-S1-LH-C1-I0020-F00.png,24.674.892,13.629.355,0.111111,0.314811,0.04861,0.140287,0.0,7.551.489,47,0.991469,0.0,0.0,0.090139,0.0,0.014363,0,0.107836,96.051.177,0.333984,3.177.083,315.625,102.924,1.964.912,1.870.444,1.007.383,-1.632.113,12.543.106.445,0.0,66,93,52,91,72,100,100,94,100,100,100,100,100,97,99,100,89,79,18,100,100,2,84,100,100,100,97,100,S466127583,m,39,Middle-Eastern
S835364261-GM-A45-EAS-T03-S1-LH-C1-I0021-F00.png,28.161.396,60.806.534,0.217631,0.360387,0.058753,0.149635,0.0,7.638.673,32,0.990408,0.0,0.0,0.087399,0.0,0.0,0,0.004149,71.008.314,0.239276,4.098.185,4.112.268,0.458955,3.737.203,0.34294,5.436.949,0.72354,17.230.849.609,0.302755,88,71,63,96,64,100,100,95,98,100,100,100,100,97,100,100,100,51,3,100,100,0,100,100,99,100,99,10,S835364261,m,45,East-Asian
S835364261-GM-A45-EAS-T03-S1-LH-C1-I0047-F00.png,27.058.706,36.126.586,0.110727,0.382766,0.058935,0.090921,0.0,7.641.504,40,0.991118,0.0,0.0,0.100611,0.006115,0.0,0,0.003896,95.006.409,0.319409,3.220.874,3.168.246,1.343.154,1.797.005,0.281368,608.121,-0.802577,17.462.953.125,0.0,83,83,52,97,64,100,100,96,99,100,100,100,100,96,100,100,100,78,14,100,100,36,49,100,99,100,99,100,S835364261,m,45,East-Asian
S786321386-GM-A32-EME-T00-S1-LH-C1-I0049-F00.png,2.540.414,23.231.584,0.182857,0.485123,0.07432,0.067776,1.8e-05,781.028,47,0.995063,0.0,0.0,0.08252,0.0,0.0,0,0.005868,93.006.768,0.317396,3.268.628,3.236.372,124.689,1.913.544,-0.313424,6.666.224,0.262894,11.693.505.859,0.0,72,89,60,99,54,100,100,98,100,100,100,100,100,97,100,100,99,76,13,100,100,18,76,100,99,100,97,100,S786321386,m,32,Middle-Eastern
S786321386-GM-A32-EME-T00-S1-LH-C1-I0046-F00.png,27.335.432,47.943.796,0.013774,0.39198,0.070774,0.118864,0.0,7.482.554,44,0.983545,0.0,0.0,0.096381,0.009523,0.0,0,0.004446,55.040.446,0.205099,5.196.565,5.105.716,1.304.525,3.570.781,0.698823,3.214.725,-0.788149,1.529.699.707,0.0,84,77,28,98,56,100,100,94,99,100,100,100,100,96,100,100,100,32,1,100,100,28,100,100,100,100,98,100,S786321386,m,32,Middle-Eastern
S533819468-GM-A53-EIA-T14-S1-LH-C1-I0056-F00.png,2.687.685,173.717.578,0.735294,0.175853,0.019821,0.325614,0.0,6.844.647,44,0.988833,0.0,0.0,0.085373,0.00769,0.0,0,0.002497,74.029.908,0.253974,4.066.083,3.849.945,1.522.672,2.414.742,-0.505904,550.787,-1.632.562,9.233.600.586,0.0,82,31,91,38,99,100,100,86,99,100,100,100,100,96,100,100,100,55,4,100,100,77,100,100,99,100,95,100,S533819468,m,53,Indian-Asian
S533819468-GM-A53-EIA-T14-S1-LH-C1-I0012-F00.png,28.430.088,130.097.259,0.097143,0.22366,0.03401,349,0.0,7.145.607,43,0.990369,0.0,0.0,0.061891,0.0,0.0,0,0.005917,78.019.699,0.272524,3.845.838,3.717.643,1.352.203,2.330.393,1.057.532,2.983.257,0.179488,13.077.230.469,0.0,89,44,50,62,86,100,100,89,99,100,100,100,99,97,100,100,99,60,6,100,100,38,100,100,100,100,97,100,S533819468,m,53,Indian-Asian
S679880107-GM-A29-EME-T00-S1-LH-C1-I0050-F00.png,27.414.785,53.392.531,0.04,0.435644,0.069569,0.100037,0.0,7.773.981,46,0.990214,0.0,0.0,0.087485,0.0,0.0,0,0.005881,81.270.984,0.281265,3.640.866,3.677.891,1.194.329,2.360.883,-4.461.787,1.869.478,0.340346,15.040.137.695,0.0,85,75,38,99,57,100,100,97,100,100,100,100,100,97,100,100,99,64,7,100,100,11,100,99,100,100,98,100,S679880107,m,29,Middle-Eastern
S679880107-GM-A29-EME-T00-S1-LH-C1-I0059-F00.png,28.873.915,43.830.366,0.042388,0.381819,0.060858,0.143923,0.0,7.685.327,47,0.989529,0.0,0.0,0.080929,0.0,0.0,0,0.009871,78.023.519,0.280301,3.833.018,3.730.463,1.377.488,2.202.582,1.199.886,503.035,0.744851,13.299.712.891,0.0,91,79,39,97,63,100,100,96,100,100,100,100,100,97,100,100,99,60,6,100,100,44,98,100,99,100,97,100,S679880107,m,29,Middle-Eastern
S844761652-GF-A54-EAF-T03-S1-LH-C1-I0008-F00.png,23.597.778,105.358.411,0.076389,0.274516,0.042929,0.300438,0.0,7.336.847,49,0.992464,0.0,0.0,0.101626,0.006802,0.0,0,0.002148,90.001.676,0.287136,3.333.333,3.355.556,1.639.304,1.843.367,0.349667,5.657.737,-1.370.893,13.709.396.484,0.0,56,53,46,82,77,100,100,92,100,100,100,100,100,96,100,100,100,73,7,100,100,92,61,100,99,100,98,100,S844761652,f,54,African
S844761652-GF-A54-EAF-T03-S1-LH-C1-I0016-F00.png,24.449.472,76.655.761,0.077932,0.255643,0.040297,0.290292,0.0,7.299.917,42,0.989266,0.0,0.250311,0.090573,0.0,0.0,0,0.023142,93.013.193,0.296261,3.257.876,3.247.124,1.388.781,1.997.199,0.742814,3.740.652,-1.901.548,11.318.611.328,0.0,64,64,47,75,80,100,100,91,99,100,100,75,100,97,100,100,98,76,9,100,100,47,88,100,100,100,96,100,S844761652,f,54,African
S319441451-GF-A19-EAS-T01-S1-LH-C1-I0057-F00.png,19.506.006,54.647.476,0.15924,0.363308,0.054913,0.089739,0.0,7.648.969,42,0.991104,0.0,0.0,0.081643,0.006968,0.0,0,0.074633,91.020.714,0.280316,3.351.446,3.274.528,1.272.603,2.307.467,1.047.783,7.003.146,0.734729,13.950.379.883,0.0,21,74,58,96,67,100,100,96,99,100,100,100,100,96,100,100,93,74,6,100,100,22,99,100,99,100,98,100,S319441451,f,19,East-Asian
S319441451-GF-A19-EAS-T01-S1-LH-C1-I0002-F00.png,19.958.279,4.777.151,0.084105,0.392161,0.048909,0.074267,0.0,7.654.729,39,0.982319,0.0,0.0,0.103181,0.010303,0.0,0,0.093921,6.105.462,0.189576,4.554.929,4.833.468,1.442.609,3.833.219,-1.532.631,4.680.785,295.732,11.606.587.891,0.0,24,77,48,98,72,100,100,96,99,100,100,100,100,96,100,100,91,39,1,100,100,60,100,100,99,100,97,100,S319441451,f,19,East-Asian
S313264566-GM-A81-EAF-T14-S1-LH-C1-I0048-F00.png,28.475.292,29.576.037,0.267301,0.202458,0.030028,0.398002,0.0,7.017.435,45,0.991973,0.0,0.053671,0.059611,0.0,0.0,0,0.002604,97.008.675,0.332033,3.175.258,3.103.093,1.223.508,1.788.204,-0.76627,171.255,-1.106.904,5.399.309.082,0.0,89,86,67,51,90,100,100,88,100,100,100,95,98,97,100,100,100,79,17,100,100,15,47,100,100,100,89,100,S313264566,m,81,African
S313264566-GM-A81-EAF-T14-S1-LH-C1-I0004-F00.png,2.692.837,35.872.886,0.140496,0.199564,0.031952,0.425704,0.0,6.970.414,48,0.994931,0.0,0.0,0.069998,0.006937,0.0,0,0.00332,81.032.769,0.281536,3.653.208,3.665.549,1.283.207,2.268.155,-0.809191,569.159,-2.421.944,9.871.206.055,0.0,82,83,56,50,88,100,100,87,100,100,100,100,99,96,100,100,100,63,7,100,100,24,99,100,99,100,95,100,S313264566,m,81,African
S139193919-GM-A90-EIA-T14-S1-LH-C1-I0005-F00.png,2.776.709,15.760.516,0.240484,0.293642,0.049174,0.250186,0.0,7.419.002,46,0.9951,0.0,0.0,0.083117,0.005405,0.0,0,0.002504,111.010.195,0.36134,281.982,2.792.793,1.183.766,1.583.761,0.776536,7.371.785,1.294.227,3.370.455.078,0.0,86,92,65,87,71,100,100,93,100,100,100,100,100,96,100,100,100,89,29,100,100,10,10,100,98,100,84,100,S139193919,m,90,Indian-Asian
S139193919-GM-A90-EIA-T14-S1-LH-C1-I0049-F00.png,27.440.493,14.764.067,0.304498,0.241411,0.043645,0.342819,0.0,727.697,48,0.994922,0.0,0.0,0.065656,0.007661,0.0,0,0.008096,108.011.755,0.360542,2.860.988,2.879.506,1.151.562,1.629.569,0.658148,5.936.635,110.607,5.290.912.109,0.0,85,93,70,70,76,100,100,91,100,100,100,100,99,96,100,100,99,87,29,100,100,8,15,100,99,100,89,100,S139193919,m,90,Indian-Asian
S243078964-GF-A21-EAF-T03-S1-LH-C1-I0055-F00.png,21.132.071,55.405.768,0.025463,0.23715,0.026777,0.21095,0.0,7.161.144,50,0.949641,0.0,0.0,0.103533,0.0,0.0,0,0.008289,43.180.226,0.135774,6.983.026,5.892.653,2.434.527,4.984.984,-3.393.214,5.412.596,132.253,1.531.474.707,0.0,33,74,33,68,93,100,100,90,100,100,100,100,100,97,100,100,99,21,0,100,100,100,100,100,99,100,98,100,S243078964,f,21,African
S243078964-GF-A21-EAF-T03-S1-LH-C1-I0054-F00.png,2.471.092,48.351.694,0.088735,0.281168,0.027366,0.123298,0.0,7.278.579,50,0.959319,0.0,0.0,0.080598,0.012987,0.0,0,0.006826,47.042.791,0.150394,5.973.318,5.909.546,1.467.532,5.181.818,-0.189467,5.445.844,0.903997,9.537.584.961,0.0,66,77,48,84,93,100,100,91,100,100,100,100,100,96,100,100,99,24,0,100,100,66,100,100,99,100,95,100,S243078964,f,21,African
S124298498-GM-A91-EEA-T14-S1-LH-C1-I0010-F00.png,26.023.476,28.715.404,0.206747,0.333764,0.042323,0.111237,0.0,7.448.348,44,0.994999,0.0,0.0,0.055674,0.00578,0.0,0,0.00586,85.027.752,0.337892,3.458.824,3.564.706,1.028.885,1.930.604,-1.463.924,1.579.525,0.027887,12.540.792.969,0.0,76,86,62,94,78,100,100,93,99,100,100,100,97,96,100,100,99,68,19,100,100,2,79,100,100,100,97,100,S124298498,m,91,European/American (Caucasian)
S124298498-GM-A91-EEA-T14-S1-LH-C1-I0054-F00.png,26.074.646,33.589.127,0.316804,0.343607,0.035262,0.088428,0.0,7.444.618,41,0.993582,0.0,0.0,0.068777,0.0,0.0,0,0.007045,8.706.297,0.334962,348.069,3.400.278,1.239.766,1.754.386,-0.921542,7.989.864,1.611.955,14.297.337.891,0.0,77,84,71,95,85,100,100,93,99,100,100,100,99,97,100,100,99,70,18,100,100,17,39,100,98,100,98,100,S124298498,m,91,European/American (Caucasian)
S19423222-GM-A45-EAF-T14-S1-LH-C1-I0004-F00.png,249.876,47.308.395,0.45551,0.170377,0.03599,0.519132,0.0,678.742,44,0.993376,0.0,0.0,0.073875,0.005291,0.0,0,0.004961,101.019.858,0.369173,3.009.311,3.058.806,1.105.681,1.602.973,-0.061187,-0.582382,-0.508656,13.440.599.609,0.0,68,77,79,36,84,100,100,85,99,100,100,100,100,96,100,100,100,83,33,100,100,5,12,100,100,100,98,100,S19423222,m,45,African
S19423222-GM-A45-EAF-T14-S1-LH-C1-I0007-F00.png,27.182.089,34.693.046,0.102941,0.200327,0.037818,0.446944,0.0,6.952.507,47,0.995101,0.0,0.0,0.093037,0.0,0.0,0,0.000504,88.013.248,0.303811,3.420.234,3.397.508,1.315.691,1.986.435,-0.751302,2.518.274,-1.126.573,15.124.369.141,0.0,83,83,51,50,82,100,100,87,100,100,100,100,100,97,100,100,100,71,10,100,100,30,87,100,100,100,98,100,S19423222,m,45,African
S848289051-GM-A34-EEA-T11-S1-LH-C1-I0047-F00.png,26.526.148,21.719.114,0.113322,0.361579,0.046192,0.131197,0.0,7.604.968,44,0.995542,0.0,0.0,0.083477,0.005222,0.01269,0,0.102176,108.022.394,0.374044,285.173,2.888.765,0.947592,1.732.889,1.039.126,3.450.868,-0.296141,12.618.885.742,0.0,80,89,52,96,74,100,100,95,99,100,100,100,100,96,99,100,90,87,36,100,100,1,34,100,100,100,97,100,S848289051,m,34,European/American (Caucasian)
S848289051-GM-A34-EEA-T11-S1-LH-C1-I0042-F00.png,25.700.287,44.140.843,0.548209,0.296738,0.024521,0.122634,0.0,7.262.168,43,0.992478,0.0,0.0,0.092562,0.00597,0.081011,0,0.093207,95.987.084,0.327162,3.772.802,28.214,1.197.519,186.813,17.698.479,1.954.064,-5.606.615,14.011.743.164,0.0,74,79,83,87,96,100,100,91,99,100,100,100,100,96,92,100,91,79,16,100,100,12,66,91,100,99,98,100,S848289051,m,34,European/American (Caucasian)
S683688917-GF-A31-EIA-T03-S1-LH-C1-I0036-F00.png,23.210.674,14.923.466,0.004082,0.408949,0.066924,0.12404,0.0,774.969,49,0.993187,0.0,0.0,0.111652,0.007141,0.0,0,0.002612,84.019.783,0.2735,3.678.571,3.416.667,1.456.808,2.199.495,1.243.381,9.368.252,-0.900131,3.368.783.691,0.0,52,93,19,98,59,100,100,97,100,100,100,100,100,96,100,100,100,67,6,100,100,64,98,100,97,100,84,100,S683688917,f,31,Indian-Asian
S683688917-GF-A31-EIA-T03-S1-LH-C1-I0030-F00.png,23.210.047,21.449.894,0.03102,0.389588,0.040786,0.085918,0.0,7.509.533,45,0.980365,0.0,0.0,0.094813,0.008439,0.0,0,0.004097,69.024.396,0.231447,4.245.931,4.173.475,1.482.998,285.583,-1.277.256,10.055.552,0.945314,13.549.529.297,0.0,52,90,35,98,79,100,100,94,100,100,100,100,100,96,100,100,100,49,2,100,100,70,100,100,97,100,98,100,S683688917,f,31,Indian-Asian
S750453513-GM-A58-EAF-T14-S1-LH-C1-I0011-F00.png,28.706.278,29.474.513,0.134694,0.234532,0.03778,0.341541,0.0,7.256.377,43,0.996284,0.0,0.0,0.079166,0.004598,0.0,0,0.004191,126.040.512,0.424823,2.538.963,2.523.094,1.055.255,1.304.092,0.500202,754.774,-0.156109,13.534.681.641,0.0,90,86,55,67,82,100,100,91,99,100,100,100,100,96,100,100,100,94,75,100,100,3,1,100,98,100,98,100,S750453513,m,58,African
S750453513-GM-A58-EAF-T14-S1-LH-C1-I0055-F00.png,28.228.098,41.603.044,0.190204,0.215519,0.035548,0.383712,0.0,7.139.632,46,0.994586,0.0,0.0,0.082921,0.005749,0.0,0,0.006323,139.032.721,0.48047,2.359.468,2.323.501,0.947147,1.134.137,0.930475,3.328.238,-1.171.242,13.872.682.617,0.0,88,80,61,58,84,100,100,89,100,100,100,100,100,96,100,100,99,97,70,100,100,1,0,100,100,100,98,100,S750453513,m,58,African
S825460384-GF-A18-EEA-T01-S1-LH-C1-I0033-F00.png,20.460.297,56.426.875,0.018519,0.366533,0.059357,0.1398,0.0,7.508.834,37,0.989293,0.0,0.0,0.09782,0.008297,0.0,0,0.07317,7.504.959,0.235402,4.426.273,3.399.698,1.549.785,2.716.289,1.937.914,7.343.474,0.38977,10.982.888.672,0.0,27,73,30,97,64,100,100,94,98,100,100,100,100,96,100,100,93,56,3,100,100,82,100,100,98,100,96,100,S825460384,f,18,European/American (Caucasian)
S825460384-GF-A18-EEA-T01-S1-LH-C1-I0013-F00.png,22.164.209,62.771.784,0.0,0.477621,0.057339,0.049213,0.0,7.647.343,46,0.990338,0.0,0.0,0.113399,0.01498,0.0,0,0.03864,84.008.019,0.260771,3.547.368,3.547.368,1.571.251,2.277.938,0.401948,13.309.323,-0.378538,10.354.728.516,0.0,42,70,0,99,65,100,100,96,100,100,100,100,100,96,100,100,96,67,4,100,100,85,99,100,95,100,96,100,S825460384,f,18,European/American (Caucasian)
S534076204-GF-A65-EME-T00-S1-LH-C1-I0058-F00.png,27.898.752,3.467.894,0.404082,0.421226,0.036434,0.057718,0.0,7.565.931,47,0.994113,0.0,0.0,0.103658,0.0,0.0,0,0.006245,103.012.463,0.35062,3.009.567,2.961.025,1.240.049,1.619.884,0.696392,8.209.366,-0.43361,12.220.625.977,0.0,87,83,76,99,83,100,100,95,100,100,100,100,100,97,100,100,99,84,24,100,100,17,14,100,98,100,97,100,S534076204,f,65,Middle-Eastern
S534076204-GF-A65-EME-T00-S1-LH-C1-I0059-F00.png,28.898.165,22.125.345,0.344907,0.398821,0.075338,0.128306,0.0,7.780.845,38,0.993605,0.0,0.0,0.083902,0.007194,0.0,0,0.007683,8.304.674,0.2715,3.613.409,3.553.185,1.510.635,2.172.437,-1.338.127,2.229.175,-0.212476,9.453.548.828,0.0,91,89,73,98,54,100,100,97,99,100,100,100,100,96,100,100,99,66,5,100,100,75,98,100,100,100,95,100,S534076204,f,65,Middle-Eastern
S465929652-GF-A22-EAF-T00-S1-LH-C1-I0054-F00.png,25.146.622,23.604.972,0.181327,0.235139,0.025584,0.253521,0.0,7.153.936,43,0.984524,0.0,0.0,0.102029,0.0,0.0,0,0.0033,73.000.864,0.228568,4.054.795,3.958.904,138.416,299.047,0.278769,10.926.913,-0.95509,12.811.165.039,0.0,70,89,60,67,95,100,100,89,99,100,100,100,100,97,100,100,100,54,2,100,100,46,100,100,96,100,97,100,S465929652,f,22,African
S465929652-GF-A22-EAF-T00-S1-LH-C1-I0043-F00.png,23.877.764,16.728.695,0.121142,0.252498,0.031558,0.254772,0.0,7.227.796,50,0.9601,0.0,0.0,0.096004,0.035493,0.0,0,0.000854,52.019.894,0.165085,5.537.438,5.306.711,1.689.997,4.403.514,1.139.064,8.161.917,-232.361,1.303.759.375,0.0,58,92,53,74,88,100,100,90,100,100,100,100,100,94,100,100,100,29,1,100,100,95,100,100,98,100,97,100,S465929652,f,22,African
S526642813-GF-A73-EAF-T03-S1-LH-C1-I0015-F00.png,27.914.188,19.627.792,0.210373,0.256801,0.046741,0.348537,0.0,7.281.813,45,0.995027,0.0,0.0,0.097206,0.007379,0.0,0,0.001448,83.715.548,0.264693,3.686.479,3.481.675,1.362.813,2.429.363,7.464.923,5.567.834,-0.610822,8.563.924.805,0.0,87,90,63,76,74,100,100,91,100,100,100,100,100,96,100,100,100,67,5,100,100,41,100,98,99,100,94,100,S526642813,f,73,African
S526642813-GF-A73-EAF-T03-S1-LH-C1-I0037-F00.png,2.863.526,12.135.285,0.214694,0.24218,0.029021,0.27901,0.0,7.206.397,44,0.993195,0.0,0.0,0.092158,0.0,0.0,0,0.003378,88.005.686,0.290098,3.420.234,3.397.508,128.352,2.175.229,0.017834,7.804.871,-0.022522,12.185.875.977,0.0,90,94,63,70,91,100,100,90,99,100,100,100,100,97,100,100,100,71,8,100,100,24,98,100,98,100,97,100,S526642813,f,73,African
S78988072-GM-A54-EAF-T14-S1-LH-C1-I0048-F00.png,26.882.441,2.560.968,0.165225,0.217817,0.034216,0.387892,0.0,7.111.174,48,0.994764,0.0,0.183802,0.079577,0.0,0.0,0,0.003282,106.063.975,0.39063,2.924.008,2.905.143,1.049.987,1.509.981,1.671.092,1.111.388,-0.256975,17.493.115.234,0.0,82,88,58,59,86,100,100,89,100,100,100,82,100,97,100,100,100,86,47,100,100,3,5,100,100,100,99,100,S78988072,m,54,African
S78988072-GM-A54-EAF-T14-S1-LH-C1-I0023-F00.png,28.695.406,85.844.707,0.207347,0.184912,0.026792,0.415351,0.0,6.951.262,44,0.99414,0.0,0.0,0.054386,0.004115,0.0,0,0.002955,13.001.996,0.474674,2.484.321,2.453.556,0.827048,1.279.662,-0.480713,-0.97667,-0.604501,14.840.795.898,0.0,90,61,62,43,93,100,100,87,99,100,100,100,97,96,100,100,100,95,76,100,100,0,1,100,100,100,98,100,S78988072,m,54,African
S120660598-GM-A33-EEA-T00-S1-LH-C1-I0040-F00.png,28.176.113,31.012.178,0.030277,0.394306,0.052247,0.061378,0.0,7.540.581,43,0.9965,0.0,0.0,0.077258,0.006289,0.0,0,0.003223,87.047.615,0.310548,3.447.365,3.435.874,1.251.572,1.968.553,-1.363.016,4.655.159,0.654486,16.234.730.469,0.0,88,85,35,98,69,100,100,94,99,100,100,100,100,96,100,100,100,70,12,100,100,18,84,100,99,100,99,100,S120660598,m,33,European/American (Caucasian)
S120660598-GM-A33-EEA-T00-S1-LH-C1-I0057-F00.png,26.215.769,379.784,0.027682,0.393527,0.050217,0.114918,0.0,7.579.755,42,0.994613,0.0,0.0,0.087513,0.0068,0.0,0,0.011054,82.053.123,0.287216,3.681.832,3.559.917,1.258.038,2.223.667,151.642,4.883.734,-203.954,8.317.521.484,0.0,78,82,34,98,71,100,100,95,99,100,100,100,100,96,100,100,99,65,7,100,100,19,99,100,99,100,93,100,S120660598,m,33,European/American (Caucasian)
S230352474-GF-A73-EAS-T01-S1-LH-C1-I0020-F00.png,22.768.724,48.359.998,0.449827,0.442107,0.053517,0.057219,0.0,7.736.744,44,0.991262,0.0,0.0,0.096826,0.009588,0.0,0,0.061522,86.007.434,0.288093,4.290.408,2.662.611,1.516.972,1.965.941,-0.351661,3.741.306,-0.580588,13.697.341.797,0.0,48,77,79,99,68,100,100,97,99,100,100,100,100,96,100,100,94,69,8,100,100,76,84,100,100,100,98,100,S230352474,f,73,East-Asian
S230352474-GF-A73-EAS-T01-S1-LH-C1-I0000-F00.png,25.368.168,18.371.662,0.433391,0.361859,0.044684,0.057817,0.0,7.483.189,47,0.990818,0.0,0.0,0.068075,0.006993,0.0,0,0.00333,81.531.429,0.279312,3.707.673,3.770.944,1.062.911,2.517.421,14.242.772,1.126.391,-1.781.158,9.866.901.367,0.0,71,91,78,96,75,100,100,94,100,100,100,100,99,96,100,100,100,64,6,100,100,3,100,94,100,100,95,100,S230352474,f,73,East-Asian
S15182111-GM-A44-EAS-T00-S1-LH-C1-I0039-F00.png,27.613.771,28.049.687,0.303633,0.29267,0.039167,0.216878,0.0,7.389.869,41,0.997232,0.0,0.0,0.082067,0.006638,0.0,0,0.001294,1.170.037,0.416108,2.700.855,2.675.214,0.910547,1.492.547,0.455681,2.339.266,-0.45978,1.615.537.207,0.0,86,86,70,86,81,100,100,92,99,100,100,100,100,96,100,100,100,91,67,100,100,1,4,100,100,100,99,100,S15182111,m,44,East-Asian
S15182111-GM-A44-EAS-T00-S1-LH-C1-I0009-F00.png,26.722.733,26.641.041,0.183391,0.391644,0.067063,0.129683,0.0,7.706.737,43,0.991214,0.0,0.0,0.084096,0.0,0.0,0,0.001769,10.103.563,0.343751,3.069.307,3.0,1.221.591,16.875,1.521.678,4.404.289,-0.164173,16.223.069.336,0.0,81,87,60,98,59,100,100,96,99,100,100,100,100,97,100,100,100,83,21,100,100,14,25,100,99,100,99,100,S15182111,m,44,East-Asian
S241423155-GF-A41-EAF-T11-S1-LH-C1-I0045-F00.png,24.945.396,33.552.351,0.263889,0.185779,0.024824,0.382498,0.0,6.915.793,41,0.991338,0.0,0.0,0.091048,0.006579,0.049726,0,0.082981,93.079.333,0.296889,3.387.097,311.828,1.381.459,198.667,2.365.746,7.056.602,-0.827075,15.274.474.609,0.0,68,84,67,43,95,100,100,86,99,100,100,100,100,96,95,100,92,76,9,100,100,45,87,100,98,100,98,100,S241423155,f,41,African
S241423155-GF-A41-EAF-T11-S1-LH-C1-I0051-F00.png,26.566.811,4.846.464,0.25551,0.208072,0.020996,0.273299,0.0,7.015.787,46,0.983489,0.0,0.0,0.099011,0.005698,0.0,0,0.020144,101.014.822,0.342775,3.088.958,2.980.052,1.285.714,Jan 64,-0.801025,9.236.095,-0.210026,16.946.191.406,0.0,80,77,66,54,98,100,100,88,100,100,100,100,100,96,100,100,98,83,21,100,100,24,17,100,97,100,99,100,S241423155,f,41,African
S311145231-GF-A53-EAF-T03-S1-LH-C1-I0062-F00.png,24.952.637,30.366.326,0.238426,0.346736,0.039107,0.115013,0.0,7.518.775,48,0.996022,0.0,0.0,0.099247,0.0,0.008651,0,0.038672,116.005.496,0.362305,2.637.833,2.775.759,1.389.189,1.378.378,-0.259029,7.600.047,-1.019.953,12.149.133.789,0.0,68,85,65,95,81,100,100,94,100,100,100,100,100,97,99,100,96,91,30,100,100,47,1,100,98,100,97,100,S311145231,f,53,African
S311145231-GF-A53-EAF-T03-S1-LH-C1-I0018-F00.png,24.143.166,30.696.171,0.038062,0.323876,0.057016,0.238107,0.0,7.510.147,49,0.995339,0.0,0.0,0.087513,0.0,0.0,0,0.017933,91.009.951,0.298122,3.307.493,3.318.481,1.452.408,1.912.447,-0.567018,4.980.712,-1.857.822,12.300.496.094,0.0,61,85,38,92,65,100,100,94,100,100,100,100,100,97,100,100,98,74,9,100,100,63,75,100,99,100,97,100,S311145231,f,53,African
S325074401-GF-A50-EAS-T03-S1-LH-C1-I0054-F00.png,20.973.928,24.580.952,0.360727,0.489282,0.059395,0.042645,0.0,7.738.159,48,0.994591,0.0,0.0,0.106005,0.007039,0.0,0,0.009694,83.104.179,0.277483,3.526.028,3.634.336,1.421.971,2.182.233,-0.787515,8.639.465,3.464.951,5.892.661.621,0.0,31,88,74,99,64,100,100,97,100,100,100,100,100,96,100,100,99,66,6,100,100,55,98,100,98,100,90,100,S325074401,f,50,East-Asian
S325074401-GF-A50-EAS-T03-S1-LH-C1-I0045-F00.png,22.387.753,25.098.861,0.063673,0.426351,0.053077,0.046276,0.0,7.568.674,47,0.985507,0.0,0.0,0.087626,0.010076,0.0,0,0.006488,6.003.357,0.193842,4.813.993,4.714.048,153.153,3.627.308,-0.163852,4.248.737,-1.565.509,14.352.222.656,0.0,44,88,44,99,68,100,100,95,100,100,100,100,100,96,100,100,99,38,1,100,100,79,100,100,99,100,98,100,S325074401,f,50,East-Asian